customer_id,avg_basket_value,category_dispersion,promo_share,mean_interpurchase_days,returns_rate,evening_share,weekend_share,n_purchases
0,38.36214873311485,0.823801652892562,0.2727272727272727,12.285714285714286,0.03636363636363636,0.0,0.875,8
1,22.40797237274728,0.8605371900826446,0.3409090909090909,12.6,0.11363636363636363,1.0,0.5,6
2,21.843471035977757,0.85595703125,0.328125,8.5,0.046875,0.8888888888888888,0.6666666666666666,9
3,27.551696962774077,0.8366666666666667,0.38333333333333336,6.545454545454546,0.16666666666666666,0.08333333333333333,0.6666666666666666,12
4,23.44808880668872,0.8545918367346939,0.2619047619047619,6.545454545454546,0.047619047619047616,0.6666666666666666,0.6666666666666666,12
5,22.20510426286139,0.8442906574394464,0.3235294117647059,12.5,0.058823529411764705,0.2,1.0,5
6,24.10771079851252,0.8288,0.36,11.166666666666666,0.16,0.0,0.7142857142857143,7
7,24.961134343171402,0.8490304709141274,0.3684210526315789,13.166666666666666,0.07894736842105263,0.0,0.5714285714285714,7
8,23.47395528798115,0.8626634958382877,0.3620689655172414,8.666666666666666,0.017241379310344827,0.0,0.8,10
9,25.03092281368576,0.7878787878787878,0.3333333333333333,11.0,0.09090909090909091,0.16666666666666666,0.8333333333333334,6
10,21.551686516826,0.8372781065088757,0.46153846153846156,10.625,0.019230769230769232,0.0,0.6666666666666666,9
11,27.584143120451838,0.8494346359849236,0.323943661971831,5.363636363636363,0.07042253521126761,0.0,0.75,12
12,26.52963532777352,0.857780612244898,0.42857142857142855,11.285714285714286,0.017857142857142856,0.0,0.625,8
13,22.217851948548674,0.8370986920332937,0.3448275862068966,6.2,0.034482758620689655,0.16666666666666666,0.8333333333333334,6
14,29.713931014461444,0.8550347222222222,0.3541666666666667,9.166666666666666,0.041666666666666664,0.14285714285714285,0.8571428571428571,7
15,29.282397551532124,0.8508465466272508,0.29508196721311475,6.666666666666667,0.06557377049180328,0.0,0.7,10
16,25.287615002813684,0.8526077097505669,0.23809523809523808,26.333333333333332,0.09523809523809523,0.0,0.25,4
17,24.55207617699036,0.8225,0.2875,7.0,0.0375,0.8461538461538461,0.46153846153846156,13
18,28.406752866675273,0.8599632690541781,0.30303030303030304,9.25,0.06060606060606061,0.0,0.6666666666666666,9
19,19.578940332060135,0.74609375,0.4375,14.25,0.09375,0.8,0.8,5
20,35.968124910413,0.77375,0.45,11.142857142857142,0.1,0.0,0.875,8
21,24.69250993924916,0.8533333333333333,0.3,15.2,0.06666666666666667,0.3333333333333333,0.6666666666666666,6
22,28.948631598800784,0.8407908428720083,0.3548387096774194,11.833333333333334,0.03225806451612903,0.0,0.8571428571428571,7
23,39.08930713961107,0.8359375,0.375,17.0,0.0625,0.0,0.8,5
24,22.79360602433619,0.7957333333333334,0.29333333333333333,7.181818181818182,0.013333333333333334,0.8333333333333334,0.5,12
25,32.376354515174384,0.8106575963718821,0.23809523809523808,11.714285714285714,0.07142857142857142,0.0,1.0,8
26,25.04448747037569,0.8195918367346939,0.2571428571428571,6.166666666666667,0.08571428571428572,1.0,0.5714285714285714,7
27,29.480632677824946,0.8326446280991735,0.13636363636363635,15.5,0.06818181818181818,0.0,0.6,5
28,21.86981425106105,0.8316326530612245,0.375,7.888888888888889,0.14285714285714285,0.0,0.4,10
29,32.27147104143484,0.8412149173394847,0.27450980392156865,9.5,0.0,0.0,0.8888888888888888,9
30,24.83067702442308,0.8524590163934427,0.29508196721311475,7.545454545454546,0.04918032786885246,0.9166666666666666,0.5833333333333334,12
31,22.618189882634173,0.8566503878195921,0.5423728813559322,7.8,0.05084745762711865,0.09090909090909091,0.45454545454545453,11
32,30.783230820651514,0.8060941828254848,0.2894736842105263,11.2,0.0,0.16666666666666666,0.6666666666666666,6
33,25.538187959257982,0.8558205767176932,0.3018867924528302,8.555555555555555,0.03773584905660377,0.7,0.5,10
34,32.8483942750172,0.825483920134126,0.30864197530864196,8.11111111111111,0.012345679012345678,0.0,0.7,10
35,31.131438628366976,0.84,0.4,23.0,0.05,0.0,0.75,4
36,31.7613313608221,0.8241415192507804,0.3225806451612903,16.75,0.0,0.2,1.0,5
37,24.462251100004217,0.8483950617283951,0.4222222222222222,11.571428571428571,0.08888888888888889,0.0,0.375,8
38,21.42291431256036,0.8653846153846154,0.40384615384615385,6.333333333333333,0.0,0.7,0.7,10
39,30.807634459614672,0.8241965973534972,0.391304347826087,9.833333333333334,0.043478260869565216,0.0,0.7142857142857143,7
40,30.57559597602118,0.857875340490306,0.4177215189873418,8.1,0.0379746835443038,0.18181818181818182,0.8181818181818182,11
41,26.753492784391128,0.8487947406866325,0.43243243243243246,8.6,0.13513513513513514,0.0,0.6666666666666666,6
42,33.38449241096921,0.830119375573921,0.3333333333333333,11.0,0.030303030303030304,0.0,0.5714285714285714,7
43,23.11252848093427,0.7777777777777778,0.6666666666666666,24.0,0.0,0.0,1.0,2
44,26.693233458632335,0.8088642659279779,0.3157894736842105,28.666666666666668,0.05263157894736842,0.0,0.25,4
45,25.236658473592744,0.8477777777777777,0.48333333333333334,7.125,0.05,0.1111111111111111,0.5555555555555556,9
46,23.56929237862993,0.8254437869822485,0.28846153846153844,7.222222222222222,0.038461538461538464,0.6,0.7,10
47,22.00482988431937,0.8395061728395061,0.3333333333333333,9.142857142857142,0.08888888888888889,0.75,0.875,8
48,27.111382487494307,0.8055555555555556,0.6666666666666666,27.0,0.0,0.0,0.5,2
49,25.594883387156358,0.834652228238234,0.32653061224489793,6.375,0.14285714285714285,0.0,0.7777777777777778,9
50,33.742603951977316,0.8257725180802105,0.3333333333333333,7.111111111111111,0.02564102564102564,0.1,0.7,10
51,22.96797165211634,0.8691358024691358,0.37777777777777777,11.0,0.044444444444444446,0.0,0.625,8
52,28.72169722597104,0.8279773156899811,0.30434782608695654,11.857142857142858,0.043478260869565216,0.875,0.5,8
53,32.53681993871996,0.8289119569396386,0.37254901960784315,6.875,0.09803921568627451,0.1111111111111111,0.5555555555555556,9
54,31.745103320827468,0.8571428571428572,0.2222222222222222,8.0,0.047619047619047616,0.9166666666666666,0.5833333333333334,12
55,27.389194010133135,0.8,0.175,12.666666666666666,0.125,0.14285714285714285,0.42857142857142855,7
56,28.255656868129382,0.8457339844872163,0.423728813559322,7.666666666666667,0.06779661016949153,0.0,0.5,10
57,24.029854177705918,0.8339100346020761,0.29411764705882354,22.333333333333332,0.058823529411764705,0.0,0.5,4
58,25.979201777687326,0.8033240997229918,0.17543859649122806,9.0,0.0,0.9,0.8,10
59,30.232083874681706,0.8319559228650137,0.22727272727272727,7.777777777777778,0.06060606060606061,0.0,0.6,10
60,21.784577815587912,0.8163265306122449,0.42857142857142855,22.25,0.11428571428571428,0.0,0.8,5
61,29.857810909197376,0.8143491124260355,0.17307692307692307,6.375,0.057692307692307696,0.8888888888888888,0.7777777777777778,9
62,19.69810831484454,0.8,0.3,30.0,0.0,0.0,1.0,1
63,25.813575565699313,0.8046280991735537,0.2545454545454545,8.666666666666666,0.01818181818181818,0.7142857142857143,0.8571428571428571,7
64,18.85045448222836,0.7811634349030472,0.3157894736842105,27.0,0.10526315789473684,0.0,0.75,4
65,21.649872554233966,0.8537776501005458,0.3559322033898305,10.625,0.01694915254237288,0.8888888888888888,0.7777777777777778,9
66,33.770074027902375,0.8414901387874361,0.2702702702702703,14.0,0.05405405405405406,0.0,0.6666666666666666,6
67,18.582641188093326,0.8442906574394464,0.37254901960784315,8.666666666666666,0.0196078431372549,0.9,0.6,10
68,29.55187880009211,0.8335315101070154,0.3620689655172414,12.0,0.05172413793103448,0.0,0.625,8
69,23.87603277762358,0.8080808080808081,0.45454545454545453,12.4,0.18181818181818182,1.0,0.6666666666666666,6
70,22.01833856019396,0.8204518430439953,0.4827586206896552,13.333333333333334,0.0,0.25,0.5,4
71,29.88615629021471,0.8088888888888889,0.4,16.0,0.06666666666666667,0.0,0.6666666666666666,3
72,23.395895050262236,0.8477366255144033,0.46296296296296297,9.222222222222221,0.0,0.0,0.5,10
73,25.537206815777914,0.8256,0.44,16.25,0.08,0.0,0.8,5
74,23.887497376270524,0.8611111111111112,0.3333333333333333,17.0,0.041666666666666664,0.0,0.4,5
75,26.59181549547285,0.85803324099723,0.2631578947368421,9.25,0.039473684210526314,0.0,0.3333333333333333,9
76,20.734353074227815,0.8518518518518519,0.2777777777777778,25.666666666666668,0.0,0.0,0.75,4
77,22.340295478163107,0.8479886080455679,0.3584905660377358,10.75,0.11320754716981132,0.0,0.4444444444444444,9
78,27.409171370210245,0.7985537190082644,0.36363636363636365,12.0,0.022727272727272728,0.16666666666666666,0.8333333333333334,6
79,21.882362589490725,0.8674999999999999,0.4,12.5,0.05,0.0,1.0,5
80,24.59900073021424,0.8513674197384067,0.20689655172413793,7.7,0.034482758620689655,0.6363636363636364,0.6363636363636364,11
81,29.93834113196912,0.8316115702479339,0.45454545454545453,10.142857142857142,0.06818181818181818,0.0,0.75,8
82,29.38202446152942,0.8480902777777778,0.25,7.777777777777778,0.020833333333333332,0.0,0.8,10
83,26.87162102223098,0.8428665351742275,0.3333333333333333,11.833333333333334,0.05128205128205128,0.7142857142857143,0.7142857142857143,7
84,28.57905649382442,0.8541666666666666,0.4166666666666667,7.625,0.0625,0.0,0.6666666666666666,9
85,29.170557195260393,0.8601134215500945,0.5,13.666666666666666,0.0,0.14285714285714285,0.7142857142857143,7
86,28.077542146212842,0.8073794881967864,0.3380281690140845,7.555555555555555,0.028169014084507043,0.9,0.6,10
87,32.11041983625452,0.8221296847114812,0.2682926829268293,10.142857142857142,0.024390243902439025,0.875,0.625,8
88,35.853306758840816,0.8441358024691358,0.3333333333333333,14.4,0.1111111111111111,0.0,0.8333333333333334,6
89,27.024594893084327,0.837962962962963,0.3611111111111111,15.8,0.1111111111111111,0.0,0.5,6
90,22.938012457883424,0.8676798809650335,0.3402061855670103,5.461538461538462,0.041237113402061855,0.0,0.42857142857142855,14
91,22.205578114615086,0.8254437869822485,0.19230769230769232,17.5,0.07692307692307693,0.0,0.4,5
92,22.030490023739066,0.8088642659279779,0.5789473684210527,16.4,0.10526315789473684,0.8333333333333334,0.6666666666666666,6
93,30.563267415267912,0.8579565681737273,0.2641509433962264,12.833333333333334,0.07547169811320754,0.0,0.5714285714285714,7
94,46.24816672365643,0.79052734375,0.34375,10.25,0.015625,0.0,0.7777777777777778,9
95,26.933317743583252,0.84625,0.375,11.714285714285714,0.05,0.875,0.75,8
96,19.37080287266304,0.856508875739645,0.34615384615384615,9.428571428571429,0.09615384615384616,1.0,0.375,8
97,32.47364489454203,0.7509130752373996,0.2702702702702703,19.5,0.05405405405405406,0.0,1.0,5
98,20.246030494811922,0.8573307034845496,0.23076923076923078,15.5,0.05128205128205128,1.0,0.8,5
99,30.558222602696212,0.8579881656804733,0.38461538461538464,20.75,0.038461538461538464,0.0,1.0,5
100,24.70880429659758,0.8310204081632653,0.22857142857142856,9.125,0.02857142857142857,0.6666666666666666,0.5555555555555556,9
101,31.73300364003072,0.8365384615384616,0.2692307692307692,10.0,0.0,1.0,0.5,8
102,25.02139828433548,0.8212244897959184,0.14285714285714285,16.0,0.02857142857142857,0.0,0.6666666666666666,6
103,25.75667359764414,0.8628338614757809,0.425531914893617,11.833333333333334,0.10638297872340426,0.0,0.7142857142857143,7
104,26.066472124587055,0.8250887573964497,0.27692307692307694,8.1,0.015384615384615385,0.7272727272727273,0.5454545454545454,11
105,33.103174705818226,0.8449531737773153,0.2903225806451613,14.75,0.0,0.0,0.8,5
106,30.331019641383005,0.8441358024691358,0.3333333333333333,16.5,0.027777777777777776,0.0,0.8,5
107,27.29557154139041,0.8316405047706987,0.2807017543859649,10.714285714285714,0.017543859649122806,1.0,0.625,8
108,22.582916385764246,0.8562634656817483,0.3333333333333333,5.909090909090909,0.05263157894736842,0.9166666666666666,0.5,12
109,20.89401586887377,0.78,0.3,41.5,0.0,0.0,0.6666666666666666,3
110,20.420620433514888,0.828125,0.625,8.5,0.0625,0.0,0.6,5
111,22.33848103736596,0.8640955004591369,0.3939393939393939,9.125,0.10606060606060606,0.0,0.5555555555555556,9
112,25.053762159328993,0.75,0.5,14.5,0.0,0.0,0.6,5
113,29.356741067208795,0.8590561224489797,0.2857142857142857,10.571428571428571,0.05357142857142857,0.0,0.75,8
114,25.582091670438754,0.8494897959183674,0.39285714285714285,8.0,0.10714285714285714,0.16666666666666666,0.8333333333333334,6
115,26.481254061699417,0.84375,0.375,13.0,0.041666666666666664,0.14285714285714285,0.8571428571428571,7
116,23.380793331024076,0.8578227245687091,0.3170731707317073,12.166666666666666,0.07317073170731707,0.8571428571428571,0.7142857142857143,7
117,29.391907947354913,0.8484848484848485,0.3939393939393939,12.4,0.0,0.0,1.0,6
118,30.340437217440122,0.8414814814814815,0.28888888888888886,12.0,0.022222222222222223,0.0,0.5714285714285714,7
119,18.98659321319836,0.8603515625,0.40625,5.9,0.078125,0.6363636363636364,0.45454545454545453,11
120,28.624944688017862,0.8372406813965255,0.3116883116883117,9.125,0.07792207792207792,0.1111111111111111,0.7777777777777778,9
121,19.89509161319545,0.743801652892562,0.2727272727272727,9.5,0.0,0.3333333333333333,0.3333333333333333,3
122,30.217688430250227,0.7959183673469388,0.35714285714285715,35.0,0.14285714285714285,0.0,1.0,2
123,28.91348429931064,0.8112244897959183,0.35714285714285715,24.333333333333332,0.03571428571428571,0.0,0.0,4
124,27.08727662966695,0.8641322314049587,0.5272727272727272,7.25,0.10909090909090909,0.0,0.5555555555555556,9
125,29.082481012076983,0.8528925619834711,0.32727272727272727,6.3,0.01818181818181818,0.9090909090909091,0.7272727272727273,11
126,23.481371003034205,0.830119375573921,0.30303030303030304,19.5,0.0,0.8,0.6,5
127,30.205636132753945,0.8343425605536332,0.3382352941176471,7.5,0.058823529411764705,0.18181818181818182,0.6363636363636364,11
128,21.347318558071393,0.8,0.2,10.333333333333334,0.06666666666666667,1.0,0.5,4
129,32.50632916274297,0.8434903047091413,0.2894736842105263,11.857142857142858,0.07894736842105263,0.0,0.875,8
130,19.933288439825585,0.8268809349890431,0.5405405405405406,22.0,0.05405405405405406,0.0,0.6,5
131,25.268915302623906,0.8466483011937558,0.36363636363636365,9.222222222222221,0.0,0.0,0.8,10
132,34.891899789180414,0.8435455086258179,0.2926829268292683,7.833333333333333,0.04878048780487805,0.7142857142857143,0.7142857142857143,7
133,23.192245239348697,0.8449931412894376,0.3333333333333333,14.666666666666666,0.07407407407407407,1.0,0.7142857142857143,7
134,22.91537479747626,0.8333333333333334,0.4375,9.625,0.0625,0.0,0.6666666666666666,9
135,31.075836187030635,0.8587105624142661,0.18518518518518517,11.6,0.037037037037037035,0.16666666666666666,0.8333333333333334,6
136,24.73288163819123,0.8554431885782272,0.36585365853658536,12.6,0.07317073170731707,0.0,1.0,6
137,23.73480930929941,0.8172635445362718,0.5151515151515151,11.0,0.09090909090909091,0.0,0.8333333333333334,6
138,30.829623472004204,0.843681519357195,0.35135135135135137,9.88888888888889,0.12162162162162163,0.1,0.7,10
139,23.298825465452683,0.8532986111111112,0.3125,10.6,0.041666666666666664,0.16666666666666666,0.5,6
140,28.009345158550204,0.78125,0.25,30.0,0.041666666666666664,1.0,0.3333333333333333,3
141,28.367825866004125,0.8283418553688824,0.43243243243243246,8.2,0.16216216216216217,0.0,0.6666666666666666,6
142,20.05317850792261,0.8502066115702479,0.36363636363636365,10.75,0.09090909090909091,0.4444444444444444,0.6666666666666666,9
143,22.745814330683068,0.845183133271776,0.2982456140350877,9.444444444444445,0.07017543859649122,0.0,0.4,10
144,19.832002470287573,0.784,0.12,17.75,0.0,0.0,0.6,5
145,30.187121907562812,0.8120605732828556,0.26744186046511625,7.5,0.011627906976744186,0.9090909090909091,0.5454545454545454,11
146,20.56852079697306,0.8356464572680788,0.3783783783783784,12.428571428571429,0.08108108108108109,0.0,0.625,8
147,28.163014869347307,0.848,0.37333333333333335,7.0,0.08,0.0,0.7,10
148,30.209064424330048,0.8402366863905325,0.38461538461538464,17.5,0.0,0.0,1.0,3
149,22.457318309635237,0.8520761245674741,0.4117647058823529,7.9,0.07352941176470588,0.0,0.6363636363636364,11
150,32.44071207801338,0.8305785123966942,0.18181818181818182,13.333333333333334,0.045454545454545456,0.0,1.0,4
151,28.6697850118222,0.8165680473372781,0.3076923076923077,11.2,0.15384615384615385,0.0,0.5,6
152,23.54363222701288,0.849537037037037,0.375,8.25,0.06944444444444445,0.8888888888888888,0.4444444444444444,9
153,30.532116784724742,0.8391836734693878,0.34285714285714286,8.0,0.0,0.14285714285714285,0.5714285714285714,7
154,22.412802353484363,0.837890625,0.40625,13.5,0.125,0.14285714285714285,0.7142857142857143,7
155,21.095835229909518,0.854320987654321,0.5111111111111111,7.0,0.044444444444444446,0.125,0.375,8
156,18.83759443210941,0.8163265306122449,0.0,55.0,0.07142857142857142,0.0,1.0,2
157,25.949756762293628,0.85546875,0.34375,6.083333333333333,0.03125,0.8461538461538461,0.7692307692307693,13
158,20.500297253213436,0.8050103305785123,0.25,6.583333333333333,0.07954545454545454,0.9230769230769231,0.7692307692307693,13
159,30.031560685490216,0.7704081632653061,0.25,12.4,0.03571428571428571,0.0,0.8333333333333334,6
160,25.774665675407068,0.8276543209876543,0.3111111111111111,10.0,0.044444444444444446,0.7142857142857143,0.5714285714285714,7
161,32.87846969595552,0.7657142857142857,0.34285714285714286,8.0,0.02857142857142857,0.0,0.6363636363636364,11
162,29.532922180663437,0.8612754766600921,0.38461538461538464,9.2,0.07692307692307693,0.16666666666666666,0.8333333333333334,6
163,22.85052258243225,0.8540877701047004,0.29850746268656714,6.0,0.07462686567164178,0.8333333333333334,0.75,12
164,27.58475198648132,0.8539540816326531,0.30357142857142855,7.375,0.017857142857142856,0.8888888888888888,0.7777777777777778,9
165,25.80651075456945,0.8312888888888889,0.30666666666666664,8.0,0.09333333333333334,0.0,0.8,10
166,33.99571247374415,0.843521722414456,0.21568627450980393,11.666666666666666,0.09803921568627451,0.0,0.5714285714285714,7
167,24.1471453683221,0.8492063492063493,0.2857142857142857,11.833333333333334,0.023809523809523808,0.8571428571428571,0.8571428571428571,7
168,21.410516607486613,0.8180737217598097,0.1724137931034483,15.0,0.034482758620689655,0.0,1.0,6
169,22.72909288118855,0.8646446355817112,0.3617021276595745,5.2727272727272725,0.05319148936170213,0.6666666666666666,0.5,12
170,26.13130533341533,0.8442906574394464,0.38235294117647056,14.333333333333334,0.11764705882352941,1.0,0.5714285714285714,7
171,25.625649347086437,0.8546384222059897,0.35135135135135137,7.571428571428571,0.05405405405405406,0.0,0.625,8
172,27.24038975151567,0.8235294117647058,0.17647058823529413,10.857142857142858,0.08823529411764706,0.125,0.625,8
173,28.23483164693916,0.8006198347107438,0.29545454545454547,14.2,0.045454545454545456,0.8333333333333334,0.6666666666666666,6
174,29.900807402941115,0.8025,0.275,10.666666666666666,0.175,0.7142857142857143,0.2857142857142857,7
175,24.586039266531113,0.8574401664932363,0.3225806451612903,26.666666666666668,0.06451612903225806,0.5,0.75,4
176,28.844982842473847,0.8476990504017531,0.33783783783783783,9.666666666666666,0.04054054054054054,0.8,0.8,10
177,29.254758579559855,0.8326474622770919,0.3888888888888889,8.333333333333334,0.07407407407407407,0.1,0.8,10
178,38.34448630799577,0.8480902777777778,0.4583333333333333,10.333333333333334,0.08333333333333333,0.0,0.8571428571428571,7
179,19.819303473512118,0.8333333333333333,0.25,27.666666666666668,0.08333333333333333,0.75,1.0,4
180,21.50606855588315,0.8595231255386383,0.3898305084745763,10.857142857142858,0.11864406779661017,0.0,0.625,8
181,26.19546802666335,0.7733333333333333,0.06666666666666667,21.5,0.0,0.6666666666666666,0.6666666666666666,3
182,18.95274328241417,0.7916666666666666,0.6666666666666666,4.5,0.08333333333333333,0.0,0.3333333333333333,3
183,19.901583232183903,0.8579470820041284,0.3972602739726027,6.833333333333333,0.0821917808219178,0.07692307692307693,0.38461538461538464,13
184,21.484172555462987,0.8533333333333333,0.5111111111111111,8.7,0.044444444444444446,0.0,0.8181818181818182,11
185,21.849431423965633,0.8535502958579881,0.4807692307692308,9.0,0.019230769230769232,0.2222222222222222,0.5555555555555556,9
186,32.55485463727049,0.8662109375,0.328125,9.0,0.078125,0.7,0.8,10
187,36.82163758070507,0.855,0.25,7.0,0.1,0.5,1.0,2
188,24.523116313323044,0.8388822829964329,0.25862068965517243,13.666666666666666,0.06896551724137931,0.8571428571428571,0.5714285714285714,7
189,33.05594453750081,0.8200000000000001,0.3,10.5,0.08333333333333333,0.2222222222222222,0.7777777777777778,9
190,29.477717251826025,0.8293877551020408,0.2857142857142857,6.375,0.0,0.7777777777777778,0.8888888888888888,9
191,22.48335087107893,0.857780612244898,0.375,14.166666666666666,0.07142857142857142,0.0,0.7142857142857143,7
192,34.17809083475181,0.8518738845925045,0.5365853658536586,16.8,0.12195121951219512,0.0,0.6666666666666666,6
193,21.41939438918079,0.8148148148148148,0.5,2.5,0.0,0.0,1.0,3
194,30.416198687280197,0.8425038984183559,0.2835820895522388,11.142857142857142,0.05970149253731343,0.75,0.5,8
195,26.00328018407024,0.831263696128561,0.2702702702702703,6.545454545454546,0.013513513513513514,0.16666666666666666,0.75,12
196,24.172632547513786,0.8379841732611412,0.3673469387755102,6.142857142857143,0.10204081632653061,0.0,0.5,8
197,27.77518196591884,0.8596938775510204,0.25,12.142857142857142,0.017857142857142856,0.0,0.875,8
198,26.356609477987025,0.822265625,0.21875,17.75,0.09375,0.0,0.8,5
199,28.58323266206254,0.8506841165972635,0.47560975609756095,9.666666666666666,0.036585365853658534,0.1,0.6,10
200,35.13576378887361,0.8581314878892734,0.29411764705882354,15.8,0.058823529411764705,0.0,0.5,6
201,23.939376916019288,0.8015122873345936,0.41304347826086957,9.75,0.06521739130434782,0.2222222222222222,0.7777777777777778,9
202,27.71674835504263,0.8195763330898466,0.21621621621621623,6.9,0.04054054054054054,0.9090909090909091,0.6363636363636364,11
203,22.77985613451654,0.8621875,0.3625,7.166666666666667,0.0125,0.0,0.6923076923076923,13
204,40.974136962151235,0.8227146814404432,0.3157894736842105,16.25,0.05263157894736842,0.0,0.6,5
205,29.15839736042837,0.8586976918746482,0.410958904109589,6.636363636363637,0.0136986301369863,0.08333333333333333,0.5833333333333334,12
206,29.005206568377808,0.8449931412894376,0.4074074074074074,15.0,0.07407407407407407,0.2,0.6,5
207,32.70400629424449,0.8620876149269876,0.4418604651162791,13.0,0.06976744186046512,0.0,0.8,5
208,35.837702478834885,0.8533333333333333,0.3,14.666666666666666,0.0,0.0,0.7142857142857143,7
209,26.925182668472235,0.8477366255144033,0.2962962962962963,4.5,0.037037037037037035,0.0,0.8,5
210,24.435982306123375,0.8489795918367347,0.45714285714285713,10.4,0.05714285714285714,0.0,0.8333333333333334,6
211,20.05242710779886,0.8624260355029586,0.4423076923076923,13.0,0.019230769230769232,0.0,0.6666666666666666,6
212,34.315437831131504,0.8429752066115703,0.18181818181818182,21.0,0.13636363636363635,0.25,1.0,4
213,28.942476648265703,0.8471148126115408,0.2926829268292683,18.5,0.0975609756097561,0.0,0.8,5
214,31.268457056599697,0.8582230623818525,0.30434782608695654,13.0,0.043478260869565216,0.16666666666666666,0.8333333333333334,6
215,34.74699309727937,0.8356722498868266,0.2978723404255319,9.142857142857142,0.0425531914893617,0.125,0.75,8
216,23.542179874982903,0.81375,0.35,9.375,0.1,0.0,0.5555555555555556,9
217,21.989593249636222,0.8044077134986226,0.36363636363636365,18.0,0.06060606060606061,0.0,0.4,5
218,28.420724056095157,0.8194588969823101,0.24193548387096775,7.888888888888889,0.0967741935483871,0.6,0.3,10
219,23.64250453654917,0.85901249256395,0.34146341463414637,10.125,0.04878048780487805,0.6666666666666666,0.8888888888888888,9
220,28.23982492451416,0.8189158016147635,0.35294117647058826,10.333333333333334,0.058823529411764705,0.0,0.8571428571428571,7
221,25.44282755028134,0.8553086419753086,0.2222222222222222,6.6,0.13333333333333333,0.0,0.8333333333333334,6
222,25.312380819517,0.8636836628511967,0.25806451612903225,19.5,0.06451612903225806,0.2,0.6,5
223,23.01884163712725,0.8382877526753865,0.3793103448275862,6.777777777777778,0.13793103448275862,0.0,0.6,10
224,21.36354928363876,0.7733333333333333,0.16666666666666666,12.8,0.0,0.8333333333333334,0.5,6
225,33.59294193889966,0.6920415224913494,0.11764705882352941,8.0,0.0,0.0,0.6666666666666666,3
226,28.63253065657558,0.852,0.34,9.222222222222221,0.04,0.7,0.8,10
227,24.021125332134666,0.8219915417147251,0.37254901960784315,11.857142857142858,0.0392156862745098,0.0,0.875,8
228,24.089109222882314,0.8337924701561065,0.3333333333333333,13.2,0.09090909090909091,0.5,0.8333333333333334,6
229,27.09866808060881,0.8318367346938775,0.2857142857142857,7.6,0.07142857142857142,0.9090909090909091,0.6363636363636364,11
230,29.610869566213168,0.8344671201814059,0.25396825396825395,11.428571428571429,0.047619047619047616,0.0,0.5,8
231,26.84685475193939,0.8180737217598097,0.2413793103448276,16.0,0.034482758620689655,0.16666666666666666,0.6666666666666666,6
232,23.080616901421113,0.8173706127305176,0.36585365853658536,8.166666666666666,0.17073170731707318,0.14285714285714285,0.2857142857142857,7
233,19.3542162409724,0.856679286100595,0.4883720930232558,13.333333333333334,0.023255813953488372,0.14285714285714285,0.2857142857142857,7
234,31.2554599935234,0.8166351606805293,0.391304347826087,13.0,0.0,0.0,1.0,4
235,25.968358791676874,0.8627126654064272,0.32608695652173914,5.923076923076923,0.0,0.0,0.5714285714285714,14
236,34.412428957739124,0.8074921956295525,0.2903225806451613,25.666666666666668,0.06451612903225806,0.0,0.5,4
237,25.477029235425505,0.8190251307134424,0.3246753246753247,7.363636363636363,0.05194805194805195,0.0,0.9166666666666666,12
238,26.08973904202125,0.8487111111111111,0.29333333333333333,7.888888888888889,0.02666666666666667,0.0,0.6,10
239,33.41417620835317,0.8365384615384616,0.4423076923076923,13.166666666666666,0.09615384615384616,0.0,0.5714285714285714,7
240,21.023765391742135,0.8471074380165289,0.5454545454545454,11.5,0.0,0.0,0.6666666666666666,3
241,26.067954877534362,0.8396501457725948,0.3469387755102041,13.0,0.061224489795918366,0.8333333333333334,0.5,6
242,22.97983374035275,0.8443877551020408,0.21428571428571427,19.75,0.07142857142857142,1.0,0.8,5
243,25.966691307516754,0.8511659807956105,0.37037037037037035,9.11111111111111,0.07407407407407407,0.1,0.6,10
244,22.767267015283874,0.8653030445847865,0.2912621359223301,5.142857142857143,0.04854368932038835,0.7333333333333333,0.6666666666666666,15
245,29.29594053956261,0.8081632653061225,0.2857142857142857,21.25,0.0,0.0,1.0,5
246,25.778792599844127,0.8033298647242455,0.22580645161290322,13.0,0.0,1.0,0.6666666666666666,6
247,28.713822769597403,0.8454963839579224,0.2564102564102564,16.4,0.02564102564102564,0.0,1.0,6
248,25.446378311686328,0.8584183673469388,0.5,5.4,0.16071428571428573,0.09090909090909091,0.6363636363636364,11
249,21.99037334648537,0.8537414965986394,0.35714285714285715,10.0,0.09523809523809523,0.5714285714285714,0.7142857142857143,7
250,23.588333485323023,0.8352490421455938,0.2988505747126437,7.818181818181818,0.0,0.8333333333333334,0.5833333333333334,12
251,28.01215305063018,0.8527284681130836,0.3076923076923077,10.625,0.0641025641025641,0.6666666666666666,0.8888888888888888,9
252,34.179088930391096,0.8097959183673469,0.2857142857142857,14.0,0.02857142857142857,0.2,0.6,5
253,24.6532001109114,0.8421052631578947,0.42105263157894735,8.5,0.02631578947368421,0.0,0.7142857142857143,7
254,28.992573816034525,0.8365966536133855,0.2641509433962264,7.75,0.018867924528301886,0.7777777777777778,0.6666666666666666,9
255,28.694819915587356,0.8375510204081633,0.17142857142857143,16.0,0.05714285714285714,0.0,0.6666666666666666,6
256,27.285833119848927,0.8395061728395061,0.3333333333333333,42.0,0.0,0.0,0.6666666666666666,3
257,27.030817235627907,0.8582907231555881,0.3108108108108108,6.5,0.06756756756756757,0.6363636363636364,0.5454545454545454,11
258,23.49134573732606,0.8395061728395061,0.2777777777777778,29.0,0.05555555555555555,0.0,0.3333333333333333,3
259,19.484077939119153,0.8363636363636364,0.2,7.6,0.05454545454545454,0.9090909090909091,0.8181818181818182,11
260,32.68471500805387,0.7853061224489797,0.2571428571428571,19.75,0.05714285714285714,0.0,0.6,5
261,25.697610113750244,0.8571428571428572,0.4642857142857143,29.0,0.03571428571428571,0.25,0.25,4
262,27.3975094937402,0.8317901234567902,0.2222222222222222,9.222222222222221,0.041666666666666664,0.8,0.6,10
263,25.54154315924777,0.8646694214876034,0.36363636363636365,8.5,0.09090909090909091,0.0,1.0,7
264,29.846592184847754,0.8416,0.14,11.857142857142858,0.02,0.75,0.75,8
265,31.97547104642562,0.8347107438016529,0.3181818181818182,9.166666666666666,0.022727272727272728,0.0,0.8571428571428571,7
266,30.6450076925946,0.8631656804733727,0.4807692307692308,9.444444444444445,0.019230769230769232,0.3,0.7,10
267,28.540840211365957,0.8657844990548205,0.2608695652173913,11.333333333333334,0.0,0.8571428571428571,0.7142857142857143,7
268,26.507997940854846,0.7842076798269335,0.20930232558139536,13.0,0.0,1.0,1.0,5
269,24.370664085216152,0.8661242603550295,0.4423076923076923,9.222222222222221,0.019230769230769232,0.1,0.8,10
270,28.03543396653503,0.7372400756143667,0.2608695652173913,17.666666666666668,0.30434782608695654,0.0,1.0,4
271,24.838086452805946,0.8275862068965517,0.41379310344827586,9.75,0.0,0.0,0.6,5
272,22.40945340893653,0.8363182007496877,0.4489795918367347,8.571428571428571,0.02040816326530612,0.0,0.625,8
273,28.39736297130014,0.8,0.2,20.5,0.0,0.0,0.6666666666666666,3
274,24.158083847487728,0.84,0.3,10.0,0.0,0.0,0.6666666666666666,6
275,21.791585298059406,0.8527620247847091,0.3333333333333333,7.818181818181818,0.043478260869565216,0.0,0.5,12
276,24.7589276856143,0.8191000918273645,0.3333333333333333,9.166666666666666,0.030303030303030304,1.0,1.0,7
277,30.628750337514237,0.7840236686390533,0.3076923076923077,6.25,0.19230769230769232,0.0,0.4,5
278,24.789210603980766,0.8090277777777778,0.25,19.25,0.0,0.4,0.8,5
279,24.95692687122652,0.7692307692307692,0.46153846153846156,15.333333333333334,0.3076923076923077,0.0,0.25,4
280,30.495679911612807,0.8390273930440135,0.2982456140350877,10.857142857142858,0.12280701754385964,0.125,0.75,8
281,28.56488103044622,0.8625,0.525,5.0,0.05,0.0,0.75,8
282,21.28023164673522,0.8148148148148148,0.3888888888888889,18.5,0.1111111111111111,0.3333333333333333,0.6666666666666666,3
283,21.020612037615074,0.8404938271604938,0.4222222222222222,11.166666666666666,0.022222222222222223,0.0,0.7142857142857143,7
284,31.670039856225873,0.8506944444444444,0.375,11.0,0.0,0.4,0.8,5
285,27.463079603162516,0.8263888888888888,0.25,19.333333333333332,0.08333333333333333,1.0,0.25,4
286,25.580496167773553,0.832,0.4,12.833333333333334,0.04,0.8571428571428571,0.8571428571428571,7
287,20.820838897244993,0.8317901234567902,0.2777777777777778,11.0,0.027777777777777776,1.0,0.5714285714285714,7
288,24.031170572461413,0.8494222222222222,0.36,9.333333333333334,0.05333333333333334,0.8,0.5,10
289,23.7215031123314,0.8506122448979592,0.5714285714285714,14.5,0.14285714285714285,0.0,0.5714285714285714,7
290,25.528271103203554,0.8395061728395061,0.25925925925925924,12.5,0.14814814814814814,0.0,0.7142857142857143,7
291,21.89249879990963,0.8372781065088757,0.46153846153846156,12.2,0.038461538461538464,0.0,0.6666666666666666,6
292,30.111770010836246,0.8442330558858502,0.3103448275862069,11.0,0.034482758620689655,0.125,0.875,8
293,22.32672277339534,0.8596938775510204,0.5178571428571429,10.285714285714286,0.10714285714285714,0.125,0.625,8
294,27.095888122778216,0.8239795918367347,0.25,12.75,0.10714285714285714,1.0,0.8,5
295,32.38244479851771,0.8402777777777778,0.4166666666666667,13.5,0.08333333333333333,0.0,1.0,5
296,23.577982384898355,0.8445452254976065,0.49206349206349204,9.857142857142858,0.07936507936507936,1.0,0.375,8
297,28.73105946240256,0.8189300411522633,0.2222222222222222,7.5,0.0,0.1111111111111111,0.5555555555555556,9
298,23.452217624984872,0.861307788421491,0.24489795918367346,9.125,0.0,0.6666666666666666,0.4444444444444444,9
299,29.799021232577683,0.8282828282828283,0.24242424242424243,17.0,0.0,0.0,0.4,5
300,20.070901353442935,0.861307788421491,0.24489795918367346,11.5,0.08163265306122448,0.14285714285714285,0.7142857142857143,7
301,28.38757606879985,0.815,0.35,7.25,0.0,0.2,0.4,5
302,22.67873756331882,0.8587755102040817,0.24285714285714285,9.75,0.05714285714285714,0.1111111111111111,0.5555555555555556,9
303,27.44105919922495,0.8440453686200378,0.30434782608695654,10.2,0.0,0.16666666666666666,0.6666666666666666,6
304,29.74577302297899,0.8057851239669422,0.09090909090909091,16.6,0.09090909090909091,0.6666666666666666,0.5,6
305,19.562520327678307,0.8299319727891157,0.42857142857142855,15.5,0.14285714285714285,0.0,0.6,5
306,30.199077365270142,0.7892561983471074,0.2878787878787879,7.222222222222222,0.06060606060606061,0.9,0.5,10
307,25.320218865808776,0.8442906574394463,0.37254901960784315,11.0,0.058823529411764705,1.0,0.5714285714285714,7
308,25.18723378072896,0.843004627981488,0.33962264150943394,6.75,0.05660377358490566,0.0,0.5555555555555556,9
309,24.54272348450446,0.8541666666666667,0.375,14.4,0.0,0.16666666666666666,0.6666666666666666,6
310,28.129026131633264,0.8656509695290859,0.5,15.0,0.05263157894736842,0.16666666666666666,0.8333333333333334,6
311,22.33930224554174,0.8428819444444444,0.4166666666666667,10.428571428571429,0.08333333333333333,0.0,0.875,8
312,23.73247943993768,0.837465564738292,0.3333333333333333,14.0,0.09090909090909091,0.8571428571428571,0.7142857142857143,7
313,26.22772910202086,0.8239011778224647,0.288135593220339,9.714285714285714,0.05084745762711865,0.75,0.625,8
314,25.077191549837238,0.8194706994328922,0.2391304347826087,12.428571428571429,0.0,0.625,0.75,8
315,34.20838028708065,0.85791015625,0.421875,8.857142857142858,0.046875,0.0,0.625,8
316,33.927617445493944,0.8288,0.2,28.666666666666668,0.04,0.0,1.0,4
317,22.0460752358519,0.8525,0.55,10.8,0.0,0.0,1.0,6
318,28.189323828386673,0.84375,0.21875,13.333333333333334,0.0,0.0,0.7142857142857143,7
319,22.036987495617716,0.8152367390530437,0.2641509433962264,9.333333333333334,0.05660377358490566,0.7,0.6,10
320,25.01824158726297,0.8550323176361958,0.5087719298245614,11.285714285714286,0.05263157894736842,0.0,0.25,8
321,25.28282238676452,0.7778925619834711,0.25,10.375,0.09090909090909091,0.5555555555555556,0.3333333333333333,9
322,22.956061676407234,0.8500779683671196,0.29850746268656714,5.333333333333333,0.07462686567164178,0.7692307692307693,0.6153846153846154,13
323,29.90522087827296,0.8212656219004166,0.2112676056338028,8.0,0.014084507042253521,0.9090909090909091,0.6363636363636364,11
324,23.58225127957108,0.8166089965397924,0.4411764705882353,22.0,0.029411764705882353,0.0,0.75,4
325,25.704689981009093,0.8628125,0.3375,7.2727272727272725,0.05,0.08333333333333333,0.6666666666666666,12
326,33.592727331358184,0.8607681755829903,0.3888888888888889,10.166666666666666,0.037037037037037035,0.0,0.42857142857142855,7
327,32.330366041993585,0.8494809688581315,0.3235294117647059,16.8,0.029411764705882353,0.16666666666666666,0.5,6
328,34.02526882001648,0.8287197231833909,0.47058823529411764,10.333333333333334,0.058823529411764705,0.0,0.7142857142857143,7
329,26.755164496573418,0.8590124925639501,0.34146341463414637,12.4,0.0,0.0,0.5,6
330,24.936450936159908,0.858842617631152,0.4186046511627907,12.0,0.023255813953488372,0.0,0.375,8
331,23.021176750592204,0.8422496570644719,0.3333333333333333,14.0,0.0,0.0,1.0,5
332,20.890911391411045,0.8310249307479225,0.47368421052631576,11.0,0.21052631578947367,0.0,0.6666666666666666,3
333,24.903429136831523,0.8438404989975496,0.2835820895522388,9.222222222222221,0.05970149253731343,0.0,0.7,10
334,33.885668431811936,0.8194444444444444,0.3333333333333333,52.0,0.0,0.0,1.0,2
335,26.424343452657915,0.8421052631578947,0.3684210526315789,11.285714285714286,0.05263157894736842,0.0,0.75,8
336,22.90063268140394,0.8518518518518519,0.3333333333333333,20.5,0.1111111111111111,0.0,0.4,5
337,22.14175789204746,0.8560090702947846,0.21428571428571427,5.5,0.023809523809523808,1.0,0.42857142857142855,7
338,27.021987637564813,0.8571428571428572,0.2571428571428571,13.333333333333334,0.02857142857142857,0.0,0.42857142857142855,7
339,22.25549611234185,0.8575602629656683,0.40540540540540543,5.2,0.05405405405405406,0.16666666666666666,0.6666666666666666,6
340,30.797382026884833,0.8351726593093628,0.24528301886792453,10.666666666666666,0.09433962264150944,0.0,0.7142857142857143,7
341,24.702438406306417,0.8333333333333333,0.5,20.666666666666668,0.08333333333333333,0.25,0.75,4
342,24.039292688927414,0.8600976730824476,0.3728813559322034,8.25,0.06779661016949153,0.0,0.8888888888888888,9
343,26.071929765488775,0.8244444444444444,0.23333333333333334,13.333333333333334,0.03333333333333333,0.0,0.75,4
344,31.87283713546652,0.8261224489795919,0.2571428571428571,20.0,0.05714285714285714,0.4,0.4,5
345,28.876171951545317,0.8558792924037462,0.22580645161290322,6.375,0.03225806451612903,0.0,0.6666666666666666,9
346,23.687788099148385,0.8096626405664307,0.3673469387755102,11.0,0.14285714285714285,0.0,0.5714285714285714,7
347,30.040145997918263,0.837465564738292,0.45454545454545453,10.4,0.12121212121212122,0.0,0.6666666666666666,6
348,24.25778569579469,0.8180978762696214,0.17543859649122806,11.285714285714286,0.0,0.625,0.5,8
349,28.073888364926404,0.85986328125,0.359375,10.875,0.078125,0.0,0.4444444444444444,9
350,35.697638831723275,0.844181459566075,0.41025641025641024,13.0,0.05128205128205128,0.8571428571428571,0.5714285714285714,7
351,26.699816073372237,0.7901234567901234,0.4444444444444444,34.0,0.0,0.0,0.6666666666666666,3
352,25.276095188130345,0.8070934256055363,0.2647058823529412,8.25,0.14705882352941177,0.0,0.5555555555555556,9
353,21.850408838809788,0.859504132231405,0.4805194805194805,6.416666666666667,0.1038961038961039,0.0,0.6923076923076923,13
354,20.22897169037688,0.86,0.35,36.5,0.0,0.0,0.0,3
355,25.9444966373414,0.8429930795847751,0.39705882352941174,6.090909090909091,0.10294117647058823,0.0,0.75,12
356,31.529693135773403,0.8586685653257387,0.39622641509433965,11.428571428571429,0.07547169811320754,0.25,0.625,8
357,28.786209199204418,0.8554768846314036,0.2653061224489796,8.25,0.02040816326530612,1.0,0.7777777777777778,9
358,32.13713382412957,0.664819944598338,0.21052631578947367,22.666666666666668,0.05263157894736842,0.0,0.25,4
359,34.57531816031825,0.8489892984542211,0.2413793103448276,12.5,0.10344827586206896,0.0,0.8,5
360,26.958712794005333,0.843521722414456,0.5098039215686274,8.833333333333334,0.11764705882352941,0.42857142857142855,0.8571428571428571,7
361,19.763295794622145,0.8049999999999999,0.35,43.0,0.05,0.0,1.0,2
362,30.58304030843084,0.8185595567867037,0.15789473684210525,11.5,0.10526315789473684,0.0,0.8,5
363,30.519128826086316,0.8487836949375411,0.23076923076923078,8.0,0.02564102564102564,0.7272727272727273,0.6363636363636364,11
364,34.18208177168163,0.8328375966686496,0.12195121951219512,12.428571428571429,0.07317073170731707,0.875,0.625,8
365,29.77625822508432,0.8296398891966759,0.2894736842105263,12.0,0.05263157894736842,0.0,0.5714285714285714,7
366,27.406612295214252,0.8031999999999999,0.2,10.666666666666666,0.0,0.75,0.75,4
367,28.19286539999889,0.8555291319857312,0.43103448275862066,7.3,0.034482758620689655,0.0,0.7272727272727273,11
368,32.688871644445875,0.7603305785123967,0.18181818181818182,8.5,0.06060606060606061,0.0,0.8888888888888888,9
369,30.920212698630976,0.8293877551020408,0.22857142857142856,14.6,0.0,0.0,0.8333333333333334,6
370,23.04879159818387,0.8292682926829269,0.3170731707317073,14.0,0.024390243902439025,0.16666666666666666,0.6666666666666666,6
371,28.026300756151056,0.8010204081632653,0.21428571428571427,14.5,0.03571428571428571,1.0,0.6,5
372,28.84474279818052,0.8605917159763313,0.23076923076923078,10.125,0.03076923076923077,0.0,0.7777777777777778,9
373,25.63935529125601,0.8333333333333333,0.16666666666666666,18.0,0.03333333333333333,0.0,0.6,5
374,25.053292800004506,0.8418549346016646,0.2413793103448276,15.666666666666666,0.06896551724137931,0.0,0.5,4
375,25.250943967007373,0.8503703703703703,0.3333333333333333,5.333333333333333,0.044444444444444446,0.2857142857142857,0.7142857142857143,7
376,24.04872999166828,0.8503213957759412,0.36363636363636365,15.6,0.0,0.0,0.5,6
377,33.002433616367455,0.8504789670970428,0.3673469387755102,6.846153846153846,0.09183673469387756,0.21428571428571427,0.7142857142857143,14
378,31.760293958363135,0.840625,0.3875,7.363636363636363,0.0125,0.08333333333333333,1.0,12
379,22.48217893328223,0.8524590163934427,0.2786885245901639,10.375,0.01639344262295082,0.8888888888888888,0.6666666666666666,9
380,23.866716644274074,0.8616042077580539,0.3333333333333333,7.416666666666667,0.0641025641025641,0.0,0.5384615384615384,13
381,19.176619691760994,0.8491155046826223,0.3548387096774194,17.25,0.0,0.8,0.6,5
382,29.571144348315016,0.8095238095238095,0.40476190476190477,10.0,0.09523809523809523,0.0,0.875,8
383,32.37239422587106,0.8165680473372781,0.23076923076923078,11.5,0.07692307692307693,0.0,0.8,5
384,21.63672845440202,0.8065843621399177,0.4444444444444444,18.0,0.037037037037037035,0.0,0.3333333333333333,3
385,25.413612832194705,0.8174791914387634,0.1896551724137931,14.0,0.05172413793103448,0.7142857142857143,0.7142857142857143,7
386,38.82883934137356,0.8602469135802469,0.3111111111111111,9.25,0.044444444444444446,0.0,0.6666666666666666,9
387,27.362067963963153,0.7920030757401,0.29411764705882354,12.166666666666666,0.058823529411764705,1.0,0.7142857142857143,7
388,26.444146810885098,0.8284023668639053,0.38461538461538464,10.833333333333334,0.038461538461538464,0.5714285714285714,0.5714285714285714,7
389,24.225377161201138,0.8613712567926928,0.23655913978494625,7.7272727272727275,0.043010752688172046,0.75,0.6666666666666666,12
390,31.286516781188563,0.832571889277076,0.26229508196721313,8.0,0.03278688524590164,0.5555555555555556,0.6666666666666666,9
391,25.28652388796905,0.7479224376731302,0.3157894736842105,15.0,0.0,0.0,0.8333333333333334,6
392,23.942828333447693,0.8356290174471993,0.3939393939393939,7.8,0.030303030303030304,0.8333333333333334,0.3333333333333333,6
393,26.6289083282946,0.8290816326530612,0.23214285714285715,9.5,0.16071428571428573,0.0,0.5555555555555556,9
394,24.836192275616916,0.8529779258642233,0.32653061224489793,11.333333333333334,0.02040816326530612,0.14285714285714285,0.7142857142857143,7
395,28.504030223435265,0.8638888888888889,0.25,8.875,0.03333333333333333,0.1111111111111111,0.8888888888888888,9
396,25.355246451483687,0.8620876149269876,0.37209302325581395,10.714285714285714,0.06976744186046512,0.0,0.25,8
397,24.123910175687257,0.8370934256055363,0.4235294117647059,6.0,0.10588235294117647,0.0,0.8333333333333334,12
398,27.55637890839615,0.8611111111111112,0.4722222222222222,14.166666666666666,0.08333333333333333,0.0,0.7142857142857143,7
399,32.70106151920389,0.8518518518518519,0.4444444444444444,20.666666666666668,0.0,0.25,0.5,4
400,22.980220383858025,0.8205601723607264,0.2807017543859649,8.0,0.07017543859649122,0.0,0.7777777777777778,9
401,29.793130137072456,0.8443877551020409,0.39285714285714285,17.666666666666668,0.0,0.0,0.75,4
402,31.2508083496245,0.8470343392299688,0.2903225806451613,24.333333333333332,0.0,0.25,0.0,4
403,21.729714465830668,0.8474999999999999,0.425,11.714285714285714,0.1,0.25,0.75,8
404,25.909619594951515,0.8605371900826446,0.3181818181818182,9.428571428571429,0.09090909090909091,0.25,0.625,8
405,30.409368186355067,0.8350459707950243,0.3023255813953488,14.2,0.18604651162790697,0.0,0.3333333333333333,6
406,21.949104805152956,0.7792592592592593,0.2,12.333333333333334,0.022222222222222223,0.7142857142857143,1.0,7
407,25.462102854373015,0.8210059171597632,0.2692307692307692,12.0,0.019230769230769232,0.625,0.5,8
408,35.479549688896455,0.8632580261593341,0.29310344827586204,6.222222222222222,0.05172413793103448,0.0,0.7,10
409,27.78965410192648,0.8440453686200378,0.32608695652173914,10.571428571428571,0.17391304347826086,0.0,0.875,8
410,28.765504032929453,0.8193290243151738,0.3508771929824561,7.555555555555555,0.12280701754385964,0.1,0.8,10
411,22.01005927040892,0.8611111111111112,0.31666666666666665,9.125,0.06666666666666667,0.8888888888888888,0.6666666666666666,9
412,26.01385351006774,0.830078125,0.34375,8.166666666666666,0.03125,0.7142857142857143,0.42857142857142855,7
413,26.668697929664564,0.8082486919052017,0.2807017543859649,8.625,0.07017543859649122,0.5555555555555556,0.3333333333333333,9
414,23.05145421459034,0.8096885813148789,0.17647058823529413,17.5,0.058823529411764705,1.0,0.3333333333333333,3
415,34.558641180172245,0.8387096774193549,0.3225806451612903,14.0,0.03225806451612903,0.14285714285714285,0.5714285714285714,7
416,19.47415465784943,0.8491735537190083,0.5227272727272727,11.833333333333334,0.045454545454545456,0.7142857142857143,0.7142857142857143,7
417,28.6585324234134,0.8082640463592845,0.30158730158730157,9.875,0.031746031746031744,1.0,0.6666666666666666,9
418,22.311995911040082,0.8203017832647462,0.3333333333333333,16.4,0.037037037037037035,0.8333333333333334,0.6666666666666666,6
419,25.67621456498746,0.8165680473372781,0.38461538461538464,6.875,0.019230769230769232,0.1111111111111111,0.8888888888888888,9
420,18.941584563055443,0.8503213957759412,0.30303030303030304,10.875,0.12121212121212122,0.0,0.5555555555555556,9
421,27.787419259354778,0.8,0.4,20.333333333333332,0.06666666666666667,0.0,1.0,4
422,36.93232678085367,0.8615916955017301,0.4117647058823529,11.285714285714286,0.14705882352941177,0.0,0.625,8
423,20.9839649678241,0.859375,0.5,11.25,0.0625,0.2,0.4,5
424,27.22781970504217,0.856962822936358,0.43478260869565216,8.222222222222221,0.08695652173913043,0.1,0.5,10
425,20.150676430797624,0.8555102040816327,0.34285714285714286,11.714285714285714,0.02857142857142857,0.875,0.625,8
426,22.660320268483936,0.8615999999999999,0.34,6.333333333333333,0.08,0.7142857142857143,0.5714285714285714,7
427,25.864902250287102,0.84,0.42,8.857142857142858,0.06,0.0,0.75,8
428,24.428146859123242,0.8035371011149558,0.13725490196078433,10.142857142857142,0.0,0.75,0.625,8
429,34.30934584002431,0.8194444444444444,0.23333333333333334,7.555555555555555,0.03333333333333333,0.5,0.7,10
430,32.16436810739187,0.8279773156899811,0.30434782608695654,13.0,0.043478260869565216,0.6666666666666666,0.8333333333333334,6
431,29.69101140185754,0.6971428571428573,0.22857142857142856,6.25,0.08571428571428572,1.0,0.6666666666666666,9
432,47.36217827038203,0.7288888888888889,0.4,46.0,0.06666666666666667,0.5,1.0,2
433,28.02811304572642,0.8683462405646505,0.3564356435643564,5.357142857142857,0.019801980198019802,0.8,0.6666666666666666,15
434,25.20004097098301,0.823045267489712,0.25925925925925924,11.428571428571429,0.07407407407407407,0.125,0.875,8
435,22.992981350606733,0.8314255983350677,0.4838709677419355,9.875,0.06451612903225806,0.1111111111111111,0.8888888888888888,9
436,29.241669838253944,0.8099173553719008,0.22727272727272727,19.0,0.045454545454545456,0.0,0.6666666666666666,3
437,29.04816862971535,0.8074792243767313,0.2894736842105263,10.333333333333334,0.10526315789473684,0.7142857142857143,0.42857142857142855,7
438,39.109223557803624,0.8428665351742275,0.38461538461538464,16.4,0.05128205128205128,0.0,0.8333333333333334,6
439,16.042952612604992,0.8587257617728532,0.47368421052631576,28.5,0.05263157894736842,0.0,1.0,3
440,23.847937768894063,0.850480109739369,0.25925925925925924,11.833333333333334,0.037037037037037035,0.0,0.7142857142857143,7
441,21.74833802285205,0.8319615912208504,0.35185185185185186,9.5,0.037037037037037035,0.0,0.7777777777777778,9
442,26.175840671829402,0.83875,0.425,7.8,0.1,0.0,0.6666666666666666,6
443,32.39108338673546,0.8415516107823799,0.2692307692307692,7.6,0.0641025641025641,0.8181818181818182,0.8181818181818182,11
444,20.175389132113896,0.8629984406326576,0.40298507462686567,10.375,0.08955223880597014,0.0,0.7777777777777778,9
445,26.987646589340514,0.8469421487603306,0.21818181818181817,7.3,0.10909090909090909,0.9090909090909091,0.5454545454545454,11
446,31.70501842228333,0.7915518824609733,0.3939393939393939,12.166666666666666,0.030303030303030304,0.0,0.7142857142857143,7
447,24.746400919321463,0.8497041420118343,0.3230769230769231,6.111111111111111,0.046153846153846156,0.0,0.7,10
448,29.297563248073256,0.8465137001559367,0.26865671641791045,9.125,0.1044776119402985,0.8888888888888888,0.7777777777777778,9
449,27.498010585347842,0.8400292184075968,0.35135135135135137,11.0,0.05405405405405406,0.75,0.75,8
