customer_id,mu_0,mu_1,mu_2,mu_3,label
0,0.25000074025793456,0.25000042403793465,0.24999909630063186,0.24999973940349893,0
1,0.24999726879196318,0.2499984360604152,0.2500033331457238,0.25000096200189786,2
2,0.24999514144363985,0.24999721795143948,0.25000592925025866,0.250001711354662,2
3,0.250003668579475,0.2500021004376446,0.2499955233900393,0.24999870759284112,0
4,0.24999398951958368,0.24999655842435048,0.25000733488473037,0.2500021171713354,2
5,0.2500021803473922,0.25000124840864646,0.2499973393093533,0.24999923193460802,0
6,0.2500040470170706,0.2500023171230623,0.2499950615762578,0.24999857428360933,0
7,0.250010890846127,0.25000623542420436,0.24998671057507565,0.24999616315459297,0
8,0.25000456948478506,0.25000261626989073,0.24999442401399816,0.24999839023132608,0
9,0.2500008222037169,0.2500004708707491,0.2499989964695498,0.2499997104559843,0
10,0.25000487226717977,0.25000278956050465,0.24999405467034327,0.24999828350197237,0
11,0.2500073153200416,0.25000418845639244,0.24999107326561903,0.24999742295794702,0
12,0.2500067406116896,0.25000385933408276,0.24999177470047193,0.24999762535375566,0
13,0.2500023380433856,0.25000133863146523,0.24999714700623882,0.24999917631891036,0
14,0.2500054057041557,0.2500030952123773,0.2499934032901765,0.24999809579329052,0
15,0.25000585170763784,0.25000335058833406,0.2499928590174095,0.24999793868661857,0
16,0.25000008244490685,0.25000004724134123,0.24999989932342384,0.24999997099032803,0
17,0.2499928244221576,0.24999589133018865,0.25000875664165284,0.25000252760600095,2
18,0.2500072009578951,0.25000412306623915,0.24999121264798368,0.24999746332788209,0
19,0.24999879362857974,0.2499993092542646,0.2500014721607588,0.25000042495639685,2
20,0.25000182205113286,0.2500010433272385,0.24999777640660584,0.2499993582150228,0
21,0.249998517140281,0.24999915101371736,0.2500018094275386,0.250000522418463,2
22,0.25000714713477284,0.2500040923703851,0.2499912780940346,0.2499974824008074,0
23,0.2500023022560299,0.25000131833861966,0.24999719029634535,0.2499991891090051,0
24,0.2499943600801926,0.249996770680111,0.2500068825282403,0.2500019867114561,2
25,0.2500008461145389,0.250000484658232,0.24999896710463923,0.24999970212258985,0
26,0.2499938380066994,0.24999647171309985,0.25000751969786505,0.2500021705823357,2
27,0.24999839853843608,0.2499990832698108,0.2500019538416039,0.2500005643501493,2
28,0.2500025312603671,0.25000144921648537,0.24999691131075225,0.24999910821239527,0
29,0.25000097027626056,0.250000555750125,0.24999881558896597,0.24999965838464844,0
30,0.24999338450147873,0.24999621198138744,0.25000807324149327,0.2500023302756405,2
31,0.2500036049415067,0.2500020639123522,0.2499956012171019,0.24999872992903924,0
32,0.24999729871351423,0.24999845360462658,0.25000329583885084,0.25000095184300836,2
33,0.24999360514284247,0.2499963383261148,0.25000780396961725,0.2500022525614254,2
34,0.25000121080887333,0.25000069352107623,0.24999852197237668,0.2499995736976738,0
35,0.2500042684615253,0.2500024441217623,0.24999479095045532,0.24999849646625713,0
36,0.250000091458072,0.25000005256200236,0.24999988801652875,0.24999996796339685,0
37,0.2500044243219566,0.2500025330770865,0.24999460130426499,0.2499984412966919,0
38,0.24999848305846037,0.24999913132135299,0.2500018513607764,0.25000053425941027,2
39,0.25000772574545366,0.2500044236421215,0.2499905720607317,0.24999727855169315,0
40,0.25000529674286637,0.2500030327255907,0.24999353644592054,0.24999813408562238,0
41,0.2500064230213858,0.25000367744464175,0.2499921623458381,0.24999773718813434,0
42,0.2500023070369842,0.2500013211823738,0.24999718425734588,0.2499991875232961,0
43,0.25000143858659285,0.250000823693139,0.2499982444903541,0.24999949322991413,0
44,0.24999977465641576,0.24999987104228558,0.2500002748570929,0.25000007944420577,2
45,0.2500057991441956,0.25000332017829596,0.2499929237649108,0.2499979569125976,0
46,0.2499909061267676,0.249994792931098,0.2500110976150185,0.25000320332711584,2
47,0.24999746401142237,0.24999854785973882,0.2500030948761444,0.25000089325269437,2
48,0.25000156701229526,0.2500008972193876,0.24999808778496022,0.2499994479833569,0
49,0.25000420750864893,0.25000240902914134,0.2499948657026294,0.24999851775958037,0
50,0.25000128143070544,0.25000073393073496,0.24999843584321857,0.24999954879534092,0
51,0.2500061144473635,0.2500035007443929,0.2499925389371072,0.24999784587113635,0
52,0.24999130757120258,0.2499950228590129,0.2500106075921982,0.25000306197758637,2
53,0.25000369410735995,0.2500021151714387,0.2499954920124605,0.2499986987087408,0
54,0.24999474948115716,0.24999699370402956,0.2500064072179954,0.2500018495968179,2
55,0.24999842178954215,0.24999909644941318,0.25000192572501007,0.25000055603603466,2
56,0.2500071521526308,0.2500040949190135,0.24999127259561263,0.24999748033274308,0
57,0.2500009923494532,0.250000568297569,0.24999878882828222,0.24999965052469567,0
58,0.24999426637849773,0.24999671712150856,0.25000699669484006,0.25000201980515363,2
59,0.25000016666831143,0.2500000956884036,0.24999979611560955,0.24999994152767543,0
60,0.2500035148400306,0.2500020124627467,0.24999571089862668,0.24999876179859598,0
61,0.24999427915290698,0.24999672444615637,0.25000698108619906,0.2500020153147376,2
62,0.2500000015319065,0.2500000009466784,0.24999999799663494,0.2499999995247802,0
63,0.2499938418479676,0.2499964740578935,0.2500075147303128,0.2500021693638261,2
64,0.25000043378936804,0.2500002484164158,0.24999947056682328,0.24999984722739288,0
65,0.24999603809875479,0.24999773141244536,0.2500048349407386,0.2500013955480612,2
66,0.2500020145414591,0.25000115376596616,0.24999754107825573,0.249999290614319,0
67,0.24999650196619647,0.249997996981609,0.2500042689363189,0.25000123211587566,2
68,0.2500124923938708,0.25000715280928104,0.24998475546205148,0.24999559933479662,0
69,0.2499994160829081,0.24999966560209216,0.250000712677975,0.25000020563702474,2
70,0.25000087003069915,0.25000049808493446,0.24999893843394547,0.24999969345042103,0
71,0.2500059669777023,0.2500034166685921,0.2499927181991567,0.24999789815454884,0
72,0.25000323860563706,0.25000185422276305,0.24999604813458606,0.24999885903701385,0
73,0.2500085420958359,0.2500048908131054,0.2499895763439932,0.2499969907470655,0
74,0.2500020753622411,0.2500011882662192,0.2499974674825116,0.2499992688890281,0
75,0.25000023830402784,0.25000013646661484,0.2499997091574667,0.24999991607189057,0
76,0.2500003021286302,0.2500001730560883,0.2499996311848571,0.24999989363042444,0
77,0.2500038281369382,0.25000219172796345,0.24999532881211894,0.2499986513229794,0
78,0.2500004454825084,0.25000025529058545,0.2499994559528706,0.24999984327403557,0
79,0.25000418921917894,0.25000239854273487,0.24999488804901068,0.2499985241890755,0
80,0.24999298749384774,0.24999598476710927,0.25000855751636486,0.25000247022267813,2
81,0.25000920326499815,0.25000526937082895,0.24998876953483437,0.24999675782933853,0
82,0.2500012974109986,0.2500007430717554,0.24999841635944745,0.24999954315779854,0
83,0.24998943885753322,0.24999395277057798,0.25001288821193857,0.2500037201599502,2
84,0.250009958453797,0.25000570164049823,0.24998784822633843,0.24999649167936638,0
85,0.25000383616505956,0.2500021964340425,0.249995318804697,0.24999864859620097,0
86,0.24999299993999888,0.24999599190026878,0.2500085423151169,0.2500024658446155,2
87,0.249992891796061,0.2499959300792382,0.2500086740925367,0.2500025040321641,2
88,0.25000334109409317,0.25000191311992026,0.24999592265323597,0.24999882313275065,0
89,0.25000567665197737,0.25000325022579306,0.24999307288987171,0.24999800023235783,0
90,0.25000223993437654,0.25000128240967784,0.24999726682012033,0.24999921083582521,0
91,0.24999885979051334,0.24999934721505124,0.2500013912722519,0.2500004017221836,2
92,0.25000026112029955,0.25000014942422294,0.2499996815195537,0.24999990793592378,0
93,0.250003182850303,0.2500018225688633,0.24999611565288204,0.24999887892795172,0
94,0.25000025581161645,0.25000014657096603,0.24999968763885186,0.24999990997856558,0
95,0.24999445388149308,0.2499968243321908,0.2500067681699158,0.25000195361640026,2
96,0.24999750868988974,0.24999857341650417,0.2500030404027622,0.2500008774908438,2
97,0.2499997980695125,0.24999988451191052,0.25000024616287586,0.25000007125570106,2
98,0.24999566483583904,0.24999751774934065,0.2500052903253504,0.2500015270894698,2
99,0.2500034278900755,0.2500019627920331,0.24999581678363939,0.24999879253425197,0
100,0.2499905266770142,0.24999457571828773,0.25001156056350426,0.2500033370411938,2
101,0.2499943621031423,0.2499967719029937,0.25000687993521487,0.25000198605864915,2
102,0.24999747932285504,0.24999855693146478,0.2500030756043932,0.2500008881412869,2
103,0.25000833872041794,0.25000477423879125,0.24998982476878176,0.24999706227200902,0
104,0.24999094156384247,0.2499948132758815,0.2500110542660531,0.25000319089422296,2
105,0.25000118140556027,0.2500006766753344,0.24999855787303937,0.249999584046066,0
106,0.25000487956034756,0.25000279415451043,0.24999404496511946,0.24999828132002253,0
107,0.24999170985885766,0.24999525320462831,0.2500101166657975,0.2500029202707166,2
108,0.2499957865047457,0.24999758730581823,0.2500051420598757,0.25000148412956036,2
109,0.24999963841235218,0.24999979302258796,0.25000044113576775,0.2500001274292922,2
110,0.25000338538968025,0.25000193824243266,0.2499958690612302,0.24999880730665688,0
111,0.25000541401585946,0.25000309968075185,0.24999339370718915,0.24999809259619948,0
112,0.2500005231604667,0.2500002995807264,0.24999936152061236,0.24999981573819455,0
113,0.25000560475008454,0.25000320926566755,0.24999316022970722,0.24999802575454066,0
114,0.2500067308581911,0.2500038536858121,0.2499917867253832,0.24999762873061365,0
115,0.2500083262452659,0.2500047673496534,0.24998983950345977,0.24999706690162102,0
116,0.2499950326666922,0.2499971556895571,0.2500060619511618,0.25000174969258887,2
117,0.2500032322600374,0.25000185077029213,0.24999605552985785,0.24999886143981265,0
118,0.2500015507760741,0.2500008882363061,0.24999810699456387,0.2499994539930559,0
119,0.24999944534307555,0.2499996822424926,0.25000067718962415,0.25000019522480765,2
120,0.2500081776006713,0.25000468240481066,0.24999002057737632,0.24999711941714173,0
121,0.24999801213103698,0.24999886182258327,0.25000242576334575,0.250000700283034,2
122,0.25000101911168615,0.25000058357872207,0.24999875625147466,0.24999964105811712,0
123,0.24999980278224512,0.24999988711301338,0.2500002405992607,0.2500000695054808,2
124,0.2500051689746641,0.25000295942556566,0.24999369263831372,0.24999817896145643,0
125,0.24999503187979685,0.24999715534722466,0.2500060627029844,0.25000175006999403,2
126,0.24999381275831822,0.249996457334288,0.25000755035886485,0.2500021795485289,2
127,0.25000451183484745,0.25000258356793226,0.24999449377352248,0.24999841082369792,0
128,0.24999448775561875,0.24999684378897702,0.2500067267149065,0.2500019417404978,2
129,0.2500039273755254,0.25000224888716205,0.24999520706004477,0.2499986166772678,0
130,0.2500030704827624,0.250001757988514,0.24999625324117908,0.24999891828754456,0
131,0.2500040450152368,0.2500023160782758,0.24999506382379222,0.24999857508269518,0
132,0.24999638657098577,0.24999793115008645,0.2500044092901901,0.2500012729887377,2
133,0.24999461647971716,0.2499969174145801,0.2500065697831019,0.2500018963226009,2
134,0.25000883031326315,0.25000505564504955,0.24998922500355047,0.24999688903813688,0
135,0.24999899788888327,0.24999942642375436,0.25000122248565165,0.25000035320171066,2
136,0.25000539551780304,0.250003089262896,0.249993415946068,0.2499980992732329,0
137,0.25000551256820325,0.2500031561968012,0.24999327327446563,0.2499980579605299,0
138,0.25000572901570145,0.2500032802478863,0.2499930089130648,0.2499979818233474,0
139,0.250000579561885,0.2500003317557088,0.24999929292270956,0.24999979575969666,0
140,0.2499969723565611,0.24999826650143653,0.25000369455626453,0.2500010665857378,2
141,0.2500043900403814,0.25000251352214686,0.24999464299620525,0.2499984534412665,0
142,0.25000067334955445,0.2500003853208466,0.24999917873345742,0.24999976259614154,0
143,0.2500016806607334,0.2500009622289752,0.24999794921939378,0.24999940789089758,0
144,0.24999792660640072,0.24999881291975007,0.25000253000187517,0.25000073047197396,2
145,0.24999331637918812,0.24999617314296438,0.25000815605066906,0.2500023544271784,2
146,0.25000607779293477,0.2500034797452175,0.24999258368948235,0.24999785877236533,0
147,0.25001080128877295,0.2500061842226881,0.24998681971490533,0.24999619477363363,0
148,0.2500026150042946,0.25000149739537586,0.2499968086758216,0.24999907892450793,0
149,0.2500076750434263,0.25000439417703746,0.24999063476945735,0.24999729601007886,0
150,0.2500000624155474,0.25000003593904674,0.24999992344569835,0.24999997819970754,0
151,0.2500021464453303,0.25000122901566046,0.2499973806447322,0.24999924389427697,0
152,0.24999628285700135,0.24999787149318323,0.25000453637886877,0.25000130927094666,2
153,0.25000028002919145,0.2500001604891827,0.2499996579860589,0.249999901495567,0
154,0.250005479226273,0.25000313705301813,0.2499933140640398,0.2499980696566691,0
155,0.2500025244906374,0.25000144529619406,0.24999691965688703,0.24999911055628152,0
156,0.2499996169416314,0.24999978071366347,0.25000046736621134,0.25000013497849377,2
157,0.24999563548281206,0.24999750089476247,0.25000532623714194,0.2500015373852835,2
158,0.24999538558531031,0.24999735785173707,0.25000563110837165,0.250001625454581,2
159,0.2499991739740536,0.24999952723189275,0.2500010076339341,0.25000029116011957,2
160,0.24998758987577924,0.24999289399144356,0.2500151447308734,0.2500043714019038,2
161,0.24999988109354765,0.24999993205180474,0.2500001448432466,0.250000042011401,2
162,0.25000699046687924,0.25000400243609266,0.24999146972062486,0.24999753737640326,0
163,0.24999589332374716,0.24999764849048833,0.25000501166379774,0.2500014465219667,2
164,0.249994580808456,0.24999689707346956,0.25000661315252126,0.2500019089655532,2
165,0.2500065760341278,0.2500037652321162,0.24999197528360545,0.24999768345015058,0
166,0.2500008642537609,0.2500004950141814,0.2499989450271723,0.24999969570488534,0
167,0.24999442089444884,0.2499968055120134,0.2500068082945243,0.25000196529901353,2
168,0.24999938230601312,0.24999964643817427,0.25000075355744555,0.25000021769836706,2
169,0.24999786062515322,0.24999877487383404,0.25000261103310006,0.25000075346791273,2
170,0.24999711927433302,0.24999835047561042,0.2500035155548212,0.25000101469523534,2
171,0.25000903146296244,0.2500051708876028,0.2499889794053287,0.2499968182441061,0
172,0.24999753806585567,0.24999859056962126,0.25000300391325153,0.25000086745127154,2
173,0.24999156019010083,0.2499951676071594,0.25001029911702255,0.2500029730857173,2
174,0.24999845930514947,0.24999911784143145,0.2500018801148069,0.2500005427386121,2
175,0.24999916311775203,0.24999952087422853,0.25000102115473305,0.2500002948532864,2
176,0.2499944241913214,0.2499968074229133,0.25000680422665833,0.25000196415910697,2
177,0.250009655097426,0.2500055281248807,0.24998821807080984,0.24999659870688345,0
178,0.2500033973973455,0.2500019452859394,0.24999585408418884,0.24999880323252627,0
179,0.24999838138301125,0.24999907325252677,0.2500019751512006,0.2500005702132614,2
180,0.2500054363206794,0.2500031124655875,0.24999336646211673,0.24999808475161645,0
181,0.24999635715976334,0.24999791430012133,0.2500044451998962,0.25000128334021915,2
182,0.25000163101756623,0.2500009337950951,0.2499980098176322,0.2499994253697065,0
183,0.2500024007966599,0.2500013744628144,0.2499970706196848,0.24999915412084084,0
184,0.25000512954712684,0.2500029368506478,0.24999374075151143,0.24999819285071403,0
185,0.2500028634931998,0.25000163937672853,0.24999650601490578,0.249998991115166,0
186,0.24999868492497565,0.24999924705663054,0.25000160472931937,0.25000046328907444,2
187,0.2499998071772795,0.24999988967724251,0.2500002351440322,0.25000006800144586,2
188,0.24999129786966925,0.2499950172439447,0.25001061954703846,0.2500030653393476,2
189,0.25000081620060444,0.25000046761702815,0.24999900344176337,0.249999712740604,0
190,0.24999546240213305,0.24999740195339928,0.250005537140313,0.25000159850415465,2
191,0.2500083455249096,0.25000477813941174,0.24998981645642945,0.2499970598792491,0
192,0.25000418711271194,0.2500023973767983,0.24999489054217852,0.2499985249683112,0
193,0.2500020977684022,0.25000120107832613,0.24999744017304867,0.249999260980223,0
194,0.24999267508463052,0.2499958059275738,0.2500089386786716,0.25000258030912414,2
195,0.24999790552470075,0.24999880094556842,0.2500025555418629,0.2500007379878679,2
196,0.25000491613294246,0.2500028146544997,0.24999400118377096,0.2499982680287869,0
197,0.2500016430884833,0.25000094095376335,0.24999799461132938,0.249999421346424,0
198,0.25000093703024334,0.25000053674272615,0.24999885610457237,0.24999967012245813,0
199,0.25000663781311017,0.2500038004469194,0.2499919001990447,0.24999766154092568,0
200,0.2500016939091878,0.250000970027517,0.24999793264233475,0.2499994034209605,0
201,0.25000278108665464,0.2500015923432556,0.24999660628657658,0.2499990202835131,0
202,0.24999211474940924,0.2499954850782649,0.25000962249049413,0.25000277768183177,2
203,0.2500037532474403,0.2500021488965369,0.24999542010720238,0.24999867774882048,0
204,0.25000074757862867,0.25000042819189416,0.24999908743970342,0.24999973678977377,0
205,0.25000399048704064,0.2500022847829755,0.2499951305072315,0.24999859422275236,0
206,0.25000952321594155,0.2500054525575068,0.24998837911350966,0.24999664511304207,0
207,0.2500062960788207,0.25000360491010765,0.2499923169668851,0.24999778204418655,0
208,0.2500010645336564,0.25000060970271165,0.24999870059823692,0.24999962516539503,0
209,0.25000360706785546,0.2500020653582017,0.24999559818248437,0.24999872939145854,0
210,0.2500082923716082,0.25000474772106057,0.24998988128929886,0.24999707861803236,0
211,0.25000403514169084,0.2500023102587915,0.2499950761925518,0.24999857840696593,0
212,0.25000012817936473,0.2500000735027065,0.24999984336889408,0.2499999549490347,0
213,0.2500048234016577,0.25000276188375625,0.2499941137189022,0.24999830099568388,0
214,0.25000280298199207,0.25000160513048825,0.24999657908502604,0.24999901280249362,0
215,0.25000113011153574,0.25000064732210053,0.24999862043594515,0.24999960213041858,0
216,0.25000414763355444,0.2500023747355924,0.24999493878906923,0.24999853884178394,0
217,0.25000088088139105,0.2500005043814115,0.24999892503162685,0.24999968970557063,0
218,0.24999629968127574,0.24999788129567926,0.2500045155218849,0.25000130350116,2
219,0.24999791843940225,0.2499988080770895,0.25000254028874,0.2500007331947683,2
220,0.25000710759607697,0.25000406974199374,0.24999132632328053,0.2499974963386488,0
221,0.2500021801060337,0.2500012482695566,0.24999733960561002,0.24999923201879973,0
222,0.2499999146881993,0.24999995125279906,0.2500001039137237,0.25000003014527794,2
223,0.250004519364942,0.2500025874957275,0.2499944853236014,0.24999840781572907,0
224,0.249995573255711,0.24999746538722903,0.25000540193815024,0.2500015594189098,2
225,0.24999888807269016,0.24999936341721693,0.25000135674292,0.2500003917671728,2
226,0.24999534151373468,0.24999733267046026,0.25000568478723983,0.2500016410285652,2
227,0.25000572236506347,0.2500032764817993,0.2499930169481794,0.2499979842049578,0
228,0.24999861123133935,0.24999920480697493,0.2500016947633107,0.25000048919837503,2
229,0.24999192823960953,0.24999537819366205,0.2500098502706981,0.25000284329603034,2
230,0.2500001146138293,0.2500000659032969,0.2499998595996499,0.24999995988322393,0
231,0.24999460211024155,0.24999690974596273,0.2500065862415615,0.25000190190223426,2
232,0.25000100716755286,0.2500005766117678,0.24999877107361768,0.24999964514706166,0
233,0.2500013909078111,0.25000079628792743,0.24999830287645544,0.249999509927806,0
234,0.2500021394265216,0.25000122510886713,0.24999738899415241,0.2499992464704588,0
235,0.25000191670367194,0.25000109743933124,0.24999766106221732,0.24999932479477951,0
236,0.25000010493606173,0.25000006025002347,0.24999987162531875,0.249999963188596,0
237,0.2500037459763895,0.25000214492496914,0.24999542861100743,0.2499986804876339,0
238,0.2500028798945206,0.25000164902785765,0.2499964854991508,0.24999898557847094,0
239,0.2500054490890653,0.25000311997710606,0.2499933504942793,0.24999808043954933,0
240,0.2500033967247434,0.25000194475148163,0.2499958551925921,0.24999880333118285,0
241,0.2499926328924299,0.249995781615374,0.25000899046281877,0.2500025950293774,2
242,0.24999521057507215,0.24999725769724923,0.25000584457480834,0.2500016871528703,2
243,0.25001153440326945,0.2500066037902338,0.24998592546504156,0.2499959363414551,0
244,0.24999618443165267,0.24999781517218506,0.25000465642101805,0.2500013439751443,2
245,0.25000020358993785,0.25000011675348727,0.24999975120489595,0.24999992845167895,0
246,0.24999321410107203,0.2499961145801217,0.25000828086341736,0.25000239045538886,2
247,0.25000142561938077,0.25000081645763605,0.24999825994995115,0.24999949797303206,0
248,0.25000390761267316,0.2500022372401925,0.24999523181483813,0.24999862333229625,0
249,0.24999951782537894,0.24999972371269466,0.250000588799186,0.2500001696627404,2
250,0.2499932643633062,0.24999614324619812,0.25000821974526233,0.2500023726452334,2
251,0.24999666692191064,0.24999809160760578,0.25000406729944863,0.2500011741710349,2
252,0.2499979066368832,0.24999880169212668,0.25000255397327176,0.25000073769771836,2
253,0.250007856985845,0.25000449847077216,0.2499904125160955,0.24999723202728735,0
254,0.24999163410604966,0.24999520988714213,0.2500102089984766,0.25000294700833164,2
255,0.24999884811313797,0.24999934074801164,0.2500014051001937,0.2500004060386567,2
256,0.25000021322715177,0.25000012215362954,0.24999973967156855,0.24999992494765017,0
257,0.24999556296051023,0.24999745933649056,0.2500054148018835,0.2500015629011158,2
258,0.2499999696145492,0.2499999826518062,0.2500000369837822,0.2500000107498624,2
259,0.24999548134167598,0.24999741268222964,0.25000551425062567,0.2500015917254687,2
260,0.24999928927938392,0.24999959328223129,0.25000086686916795,0.2500002505692168,2
261,0.25000060520065165,0.25000034650924596,0.24999926149412124,0.2499997867959811,0
262,0.24999032191374534,0.24999445850476082,0.2500118103825347,0.2500034091989592,2
263,0.25000488030997625,0.2500027942476386,0.24999404469767997,0.2499982807447052,0
264,0.24999413437789694,0.2499966415902525,0.25000715768202497,0.25000206634982564,2
265,0.2500029110119291,0.25000166698328996,0.24999644725980896,0.24999897474497199,0
266,0.25000337970842723,0.2500019350637699,0.24999587585106034,0.24999880937674257,0
267,0.24999488413292925,0.24999707079980638,0.25000624290594464,0.25000180216131973,2
268,0.24999609622819796,0.24999776486876132,0.2500047636719213,0.2500013752311194,2
269,0.2500050015641031,0.2500028636051778,0.24999389686409318,0.24999823796662596,0
270,0.25000042928150806,0.2500002458143857,0.2499994761081598,0.24999984879594642,0
271,0.250003563405783,0.2500020402813299,0.24999565161210874,0.24999874470077837,0
272,0.25000497871309735,0.2500028504990144,0.24999392479221583,0.24999824599567239,0
273,0.2499979910620361,0.24999884995904678,0.25000245108872043,0.2500007078901967,2
274,0.2500011250132373,0.25000064425995,0.2499986269328171,0.24999960379399563,0
275,0.25000291906123956,0.25000167123962397,0.2499964381160497,0.2499989715830868,0
276,0.24999626927647922,0.2499978638809524,0.25000455263614035,0.25000131420642807,2
277,0.25000072219494945,0.25000041352371016,0.24999911867396524,0.24999974560737512,0
278,0.24999548319896853,0.2499974139689482,0.2500055115540721,0.2500015912780112,2
279,0.2500007780373231,0.25000044546290406,0.249999050595945,0.24999972590382782,0
280,0.25000384308708734,0.25000220053235045,0.2499953100977976,0.24999864628276453,0
281,0.25000538646102793,0.25000308398522675,0.2499934271753096,0.24999810237843578,0
282,0.25000119208562854,0.250000682497251,0.2499985454047889,0.24999958001233158,0
283,0.2500050440456563,0.2500028879220458,0.2499938450369375,0.24999822299536034,0
284,0.24999981473733157,0.24999989405419876,0.2500002258254761,0.2500000653829936,2
285,0.24999598665628364,0.24999770206041835,0.25000489751873756,0.2500014137645604,2
286,0.24999609536724585,0.2499977642628081,0.2500047649401884,0.2500013754297577,2
287,0.24999356910612375,0.2499963177202207,0.25000784789195607,0.2500022652816995,2
288,0.24999477638691603,0.2499970088946316,0.2500063747986774,0.2500018399197749,2
289,0.2500041282008566,0.2500023635498306,0.2499949626168056,0.24999854563250723,0
290,0.2500028761560713,0.25000164681585024,0.2499964901988814,0.24999898682919705,0
291,0.2500064385576448,0.2500036863142868,0.24999214343690984,0.24999773169115858,0
292,0.2500031323149902,0.2500017937353069,0.249996177125737,0.24999889682396595,0
293,0.2500049903614245,0.25000285711487585,0.24999391068105672,0.24999824184264285,0
294,0.24999484427370597,0.24999704796531996,0.250006291569806,0.250001816191168,2
295,0.25000479295748407,0.25000274434561925,0.24999415107548284,0.24999831162141392,0
296,0.24999858066696165,0.24999918720030476,0.2500017322660121,0.2500004998667215,2
297,0.24999678491158317,0.2499981593131383,0.2500039230312563,0.25000113274402225,2
298,0.2499954024591987,0.24999736751500837,0.2500056105137194,0.2500016195120735,2
299,0.2499984962313396,0.24999913915805952,0.25000183471902127,0.25000052989157967,2
300,0.2500008965431061,0.2500005132823517,0.2499989060477169,0.2499996841268253,0
301,0.24999837956811155,0.24999907224958237,0.2500019772961605,0.2500005708861455,2
302,0.24999994195836264,0.24999996674780992,0.25000007086529125,0.25000002042853614,2
303,0.24999888393254588,0.2499993611959674,0.2500013615075933,0.2500003933638935,2
304,0.24999569460994442,0.2499975349388447,0.2500052537190005,0.25000151673221027,2
305,0.25000353851292595,0.2500020259282369,0.24999568218182627,0.24999875337701088,0
306,0.2499947164554655,0.2499969747984277,0.25000644751167667,0.2500018612344302,2
307,0.24999426119234097,0.2499967139446476,0.25000700342302445,0.25000202143998707,2
308,0.25000654132471395,0.250003745207391,0.2499920179305864,0.24999769553730872,0
309,0.2500022609343022,0.2500012945529987,0.2499972409639503,0.24999920354874877,0
310,0.2500055910497332,0.25000320115640695,0.24999317745836255,0.24999803033549725,0
311,0.25000700041552026,0.2500040080296502,0.24999145777815224,0.24999753377667722,0
312,0.24999452699946553,0.2499968661728876,0.2500066789911841,0.2500019278364627,2
313,0.249987378515776,0.24999277302187245,0.2500154025593496,0.25000444590300186,2
314,0.24999201649273486,0.24999542889964704,0.2500097422385653,0.2500028123690528,2
315,0.25000475633467756,0.2500027233450599,0.24999419582682333,0.24999832449343928,0
316,0.25000004264274045,0.25000002456672843,0.24999994767267494,0.2499999851178562,0
317,0.25000310198162423,0.2500017760354143,0.24999621478081743,0.24999890720214407,0
318,0.2499990479930497,0.24999945516538435,0.2500011612405199,0.2500003356010461,2
319,0.24999185132182827,0.24999533414444197,0.2500099441495984,0.2500028703841314,2
320,0.25000271171255367,0.25000155254306694,0.2499966910952701,0.24999904464910933,0
321,0.24999662066831016,0.2499980651050431,0.25000412377953246,0.2500011904471143,2
322,0.24999523300443593,0.24999727037146396,0.25000581752817547,0.25000167909592463,2
323,0.2499929134221665,0.24999594243453171,0.2500086477545346,0.25000249638876726,2
324,0.25000332208437415,0.2500019021611592,0.24999594599398994,0.2499988297604767,0
325,0.25000645418585926,0.25000369530674,0.24999212428066858,0.2499977262267322,0
326,0.25000282981486605,0.25000162029946055,0.24999654671592747,0.24999900316974594,0
327,0.250000331178883,0.2500001898271571,0.2499995954694958,0.2499998835244641,0
328,0.250005234195009,0.2500029969638006,0.24999361267434975,0.2499981561668406,0
329,0.25000209433820714,0.25000119919663416,0.2499974442003005,0.24999926226485816,0
330,0.2500030245253758,0.2500017316641417,0.249996309343271,0.24999893446721147,0
331,0.2500019763304212,0.2500011316506785,0.2499975881632523,0.24999930385564798,0
332,0.2500026546584655,0.25000151989279523,0.24999676068525098,0.2499990647634883,0
333,0.250006569210694,0.25000376137849456,0.24999198350759635,0.24999768590321508,0
334,0.25000016279145043,0.25000009327043843,0.24999980122829535,0.24999994270981576,0
335,0.25001717808831514,0.2500098351570551,0.24997903855206038,0.24999394820256945,0
336,0.2500022563732325,0.2500012918923878,0.24999724662435102,0.24999920511002868,0
337,0.249995428033146,0.24999738213746184,0.25000557934518564,0.25000161048420655,2
338,0.25000018056113704,0.2500001034836803,0.24999977946908733,0.2499999364860954,0
339,0.25000462709287624,0.2500026490837956,0.24999435404375547,0.24999836977957268,0
340,0.25000279107627266,0.2500015983293057,0.24999659358335968,0.24999901701106197,0
341,0.2500042773613217,0.2500024490015722,0.2499947805059556,0.24999849313115047,0
342,0.25000658072465515,0.25000376777069494,0.24999196984304703,0.24999768166160286,0
343,0.2499993498396482,0.2499996281129904,0.2500007926674526,0.2500002293799088,2
344,0.24999660706619312,0.24999805745569403,0.2500041401108075,0.2500011953673054,2
345,0.25000062984903654,0.25000036078564253,0.2499992311008557,0.24999977826446518,0
346,0.25000322395381874,0.2500018458803477,0.24999606592409276,0.2499988642417409,0
347,0.2500068647009385,0.2500039303916629,0.24999162325941532,0.24999758164798322,0
348,0.2499934522807373,0.24999625096698294,0.25000799018912,0.25000230656315975,2
349,0.2500053032692322,0.25000303639713883,0.2499935286074341,0.24999813172619495,0
350,0.24999790623735285,0.249998801207234,0.25000255495417795,0.25000073760123526,2
351,0.25000051719948535,0.2500002962034837,0.24999936872576875,0.24999981787126213,0
352,0.2500011969624671,0.25000068536551173,0.24999853930735574,0.24999957836466535,0
353,0.2500054745631421,0.25000313434885896,0.2499933198203265,0.24999807126767243,0
354,0.24999993995661773,0.24999996562418098,0.25000007326469453,0.25000002115450676,2
355,0.25000823298542324,0.2500047137166963,0.24998995376134284,0.2499970995365376,0
356,0.2500055725170265,0.25000319061760795,0.2499931999342228,0.24999803693114275,0
357,0.24999453973570868,0.24999687358253975,0.25000666322331655,0.2500019234584351,2
358,0.24999922664186272,0.24999955724971598,0.25000094362959036,0.250000272478831,2
359,0.25000209023450376,0.2500011969645619,0.24999744898160112,0.2499992638193332,0
360,0.250003646246011,0.25000208760074494,0.24999555073876611,0.24999871541447788,0
361,0.2500003756374663,0.25000021512008536,0.2499995415301423,0.24999986771230603,0
362,0.24999983622210026,0.24999990641496667,0.2500001994935153,0.25000005786941776,2
363,0.2499932671424908,0.24999614497958791,0.2500082160801053,0.250002371797816,2
364,0.24999552284603574,0.24999743658855655,0.2500054633290307,0.25000157723637706,2
365,0.25000321051183694,0.2500018386661638,0.24999608139838134,0.24999886942361785,0
366,0.24999336327587196,0.2499962000590375,0.2500080986985453,0.2500023379665453,2
367,0.2500077438114057,0.25000443371136366,0.249990550544094,0.24999727193313656,0
368,0.24999916036631967,0.24999951938900702,0.2500010243386567,0.2500002959060167,2
369,0.24999944534447438,0.24999968269606077,0.2500006763158534,0.25000019564361137,2
370,0.24999883497247857,0.24999933310845915,0.2500014213583369,0.25000041056072536,2
371,0.24999279454396123,0.2499958743646465,0.2500087928288465,0.25000253826254576,2
372,0.25000140834257006,0.25000080656733364,0.24999828102920515,0.24999950406089105,0
373,0.2499979019365139,0.24999879891901342,0.25000255986670644,0.2500007392777663,2
374,0.25000057661500463,0.25000033029471097,0.24999929608291946,0.2499997970073649,0
375,0.25000150454834086,0.2500008613551339,0.24999816420087603,0.24999946989564925,0
376,0.2500020614397699,0.25000118033028784,0.24999748440341976,0.24999927382652254,0
377,0.25000408060551105,0.2500023364556318,0.24999502039410992,0.24999856254474723,0
378,0.2500026066559649,0.25000149257771265,0.24999681893583078,0.2499990818304916,0
379,0.2499937089685609,0.2499963978098175,0.25000767720140316,0.2500022160202184,2
380,0.2500049598821948,0.2500028397081032,0.24999394778868997,0.24999825262101202,0
381,0.24999653307446226,0.24999801485337245,0.2500042308591429,0.2500012212130224,2
382,0.2500054237326589,0.250003105501378,0.24999338135466798,0.24999808941129506,0
383,0.25000079491707566,0.2500004554311051,0.24999902941329163,0.2499997202385276,0
384,0.2500012293067278,0.2500007038387441,0.2499984999264939,0.24999956692803418,0
385,0.2499912187082162,0.24999497208324278,0.25001071583034923,0.2500030933781918,2
386,0.25000164629300486,0.25000094273333895,0.24999799080725651,0.24999942016639973,0
387,0.24999355623732866,0.2499963104748992,0.2500078633589012,0.2500022699288709,2
388,0.24999213050663854,0.24999549395772097,0.2500096035366967,0.25000277199894383,2
389,0.24999404409604475,0.2499965897152959,0.2500072682040119,0.2500020979846475,2
390,0.24999245823402397,0.24999568191922097,0.2500092030051361,0.25000265684161904,2
391,0.24999936079741744,0.24999963411480677,0.2500007798201542,0.25000022526762167,2
392,0.2499964752830154,0.24999798172515308,0.2500043014563137,0.2500012415355177,2
393,0.25000133251661,0.25000076298143953,0.24999837388744406,0.24999953061450653,0
394,0.2500033371421307,0.2500019108052665,0.24999592757568181,0.24999882447692098,0
395,0.2500012459091267,0.25000071350411524,0.24999847935973335,0.24999956122702474,0
396,0.2500021127386032,0.2500012096134842,0.24999742197486668,0.24999925567304596,0
397,0.25000648685308774,0.2500037139887768,0.24999208445971774,0.24999771469841772,0
398,0.25000845390570287,0.2500048402262911,0.24998968413917075,0.2499970217288354,0
399,0.250001002896384,0.2500005742964006,0.24999877603500045,0.249999646772215,0
400,0.2500027613316884,0.2500015811223776,0.2499966302197663,0.24999902732616772,0
401,0.2500038398092034,0.250002198702366,0.24999531400759156,0.24999864748083914,0
402,0.2499990355638866,0.2499994478298468,0.250001176829591,0.2500003397766757,2
403,0.25000547691553504,0.25000313565851306,0.24999331702144212,0.24999807040450978,0
404,0.2500041170939958,0.25000235716874875,0.24999497621212297,0.2499985495251324,0
405,0.25000136722440297,0.25000078283728033,0.24999833156590423,0.2499995183724124,0
406,0.24999665704777185,0.24999808597469733,0.2500040793089214,0.25000117766860946,2
407,0.24999021813187153,0.24999439908075263,0.25001193703060554,0.2500034457567703,2
408,0.2500022214267542,0.2500012720286788,0.2499972889891357,0.2499992175554313,0
409,0.2500033351222703,0.2500019095723336,0.24999593018775423,0.24999882511764188,0
410,0.2500044184048432,0.250002529859623,0.24999460819655675,0.24999844353897696,0
411,0.24999567783428442,0.24999752508159045,0.25000527467574696,0.25000152240837825,2
412,0.24999362557726057,0.2499963500488828,0.25000777898990956,0.25000224538394716,2
413,0.24999528759514422,0.24999730178798762,0.2500057506038847,0.2500016600129834,2
414,0.24999510477557318,0.24999719711379775,0.2500059736931151,0.25000172441751395,2
415,0.25000060421544945,0.25000034620780975,0.24999926219046212,0.24999978738627868,0
416,0.25000040990818195,0.25000023455201775,0.24999950007642902,0.24999985546337125,0
417,0.24999243402838708,0.24999566789693292,0.2500092328569721,0.25000266521770786,2
418,0.24999280125158121,0.24999587808674856,0.25000878487173583,0.2500025357899344,2
419,0.2500026209282834,0.2500015007224438,0.24999680157164292,0.2499990767776299,0
420,0.25000245610104904,0.2500014061809131,0.24999700303070996,0.24999913468732785,0
421,0.2500026859650888,0.2500015380097764,0.24999672211247728,0.24999905391265745,0
422,0.2500031418059966,0.2500017989063085,0.24999616605092592,0.2499988932367689,0
423,0.2500027592976171,0.25000157972072606,0.24999663315844015,0.2499990278232166,0
424,0.2500062515719221,0.25000357923434535,0.2499923716492626,0.24999779754447,0
425,0.2499956915751813,0.24999753296569735,0.25000525787598626,0.25000151758313505,2
426,0.2499974011323372,0.24999851176740776,0.2500031717801359,0.2500009153201191,2
427,0.2500123421310255,0.25000706632521935,0.24998493969071292,0.24999565185304218,0
428,0.24999407903432347,0.24999660984930355,0.25000722531960623,0.2500020857967668,2
429,0.24999563192687882,0.24999749914259192,0.25000533002971015,0.2500015389008191,2
430,0.24999481289207715,0.24999703018658462,0.250006329499907,0.25000182742143123,2
431,0.24999804304320009,0.2499988795382589,0.25000238800986707,0.2500006894086739,2
432,0.24999979988469087,0.24999988547518098,0.2500002440942895,0.2500000705458386,2
433,0.24999692066515436,0.24999823678229427,0.2500037578706409,0.25000108468191057,2
434,0.2500009659162305,0.2500005532782917,0.24999882086211528,0.24999965994336257,0
435,0.25000555355794163,0.25000317964235513,0.24999322330081983,0.24999804349888338,0
436,0.2499987927167418,0.24999930908173196,0.2500014726001613,0.250000425601365,2
437,0.24999546672401785,0.24999740437118645,0.25000553197568465,0.25000159692911106,2
438,0.2500023743664193,0.25000135961524994,0.2499971023224457,0.24999916369588512,0
439,0.25000186454766443,0.2500010675542853,0.24999772475070436,0.24999934314734587,0
440,0.2500023896704466,0.2500013683837767,0.24999708363552914,0.2499991583102476,0
441,0.2500050508537429,0.2500028918941517,0.24999383658649868,0.24999822066560673,0
442,0.250009426366397,0.25000539694042,0.2499884976147439,0.24999667907843914,0
443,0.2499955770860293,0.24999746762578956,0.25000539717652465,0.2500015581116564,2
444,0.25000551636264057,0.2500031582990355,0.24999326877959577,0.24999805655872814,0
445,0.2499953077131813,0.24999731326750105,0.2500057261298993,0.2500016528894184,2
446,0.25000200555045077,0.25000114850546334,0.2499975522667054,0.24999929367738044,0
447,0.2500062904806726,0.25000360163174046,0.24999232393893442,0.24999778394865244,0
448,0.2499957977051839,0.2499975938717265,0.25000512809754605,0.2500014803255436,2
449,0.24999208182795976,0.2499954661536101,0.2500096628086402,0.2500027892097901,2
